-- importacion de departamentos 
INSERT INTO `tb_departamentos` (`departamento`) VALUES ('/ LAVABO / FREGADERO'),
('CONECTORES FAMAFLEX / LAVABO  FREGADERO'),
('/ LAVABO / FREGADERO / SANITARIO'),
('CONECTORES FAMAFLEX / LAVABO /  FREGADERO / SANITARIO'),
('CONECTORES FAMAFLEX / LAVABO / FREGADERO / SANITARIO'),
('/ GAS / USO GENERAL / PIG TAIL'),
('CONECTORES FAMAFLEX /  GAS / USOS GENERALES / PIG TAIL'),
('/ BOILER'),
('CONECTORES FAMAFLEX / BOILER'),
('/ LAVABO / FREGADERO'),
('CONECTORES FAMAFLEX / LAVABO  FREGADERO'),
('CONECTORES FAMAFLEX / LAVABO  FREGADERO / SANITARIO'),
('/ SANITARIO'),
('CONECTORES FAMAFLEX / SANITARIO'),
('/ USO GENERAL'),
('CONECTORES FAMAFLEX /  USOS GENERALES'),
('CONECTORES FAMAFLEX  / SANITARIO'),
('CONECTORES FAMAFLEX / LAVABO /  FREGADERO'),
('EXHIBIDORES'),
('PROMOCIONALES'),
('POLIDUCTO CORRUGADO SIN GUIA'),
('Mangueras de Jardín'),
('MANGUERA JARDIN'),
('POLIDUCTO / BICAPA ESTÁNDAR'),
('POLIDUCTO'),
('CHECK ANTI-ROEDORES  PVC'),
('COLADERAS'),
('COLADERAS / ATRAPACABELLOS'),
('COLADERAS / JUEGO TAPA'),
('COLADERAS / TAPA PARA COLADERA'),
('COLADERAS / RESUMIDERO CUADRADO'),
('FERRETERIA / 1 de Junio 2018'),
('FERRETERÍA /  TAQUETES'),
('0'),
('FERRETERÍA /  REGATONES'),
('Trampa para Ratas y Ratones'),
('FERRETERÍA / TRAMPA PARA RATONES'),
('Dispensadores de Agua / Aqua Push / Aqua Refri'),
('POLIDUCTO / AQUA PUSH'),
('POLIDUCTO / AQUA REFRI'),
('POLIDUCTO / DISPENSADORES DE AGUA'),
('Separadores de Piso / Llave Antichispa'),
('FERRETERÍA / SEPARADOR DE PISO'),
('FERRETERÍA  / LLAVE ANTICHISPA'),
('Perico de Bronce antichispa para Tambos'),
('FERRETERÍA  / PERICO DE BRONCE'),
('                      Flotador para Tinaco'),
('FERRETERÍA / FLOTADORES / TINACO'),
('FERRETERÍA / VARILLAS / TINACO'),
('                      Válvula para Tinaco'),
('FERRETERÍA / VÁLVULAS / TINACO'),
('  Accesorios / Otros'),
('FERRETERÍA / MULTICONECTOR'),
('FERRETERÍA / GABINETE / REFRIGERADOR'),
(' Gabinete para Lavanderías Modernas'),
('FERRETERÍA / GABINETE / LAVANDERÍAS'),
('/ LLAVES PARA JARDÍN'),
('LLAVES PARA JARDÍN'),
('/ VÁLVULAS DE PASO'),
('VÁLVULAS DE PASO'),
('/ REPUESTOS'),
('REPUESTOS'),
('/ MEZCLADORAS LAVABO'),
('MEZCLADORA LAVABO '),
('MANERALES'),
('/ MEZCLADORAS FREGADERO'),
('MEZCLADORA FREGADERO'),
('/ REGADERAS / REPUSTOS'),
('REGADERAS'),
('/ CONECTORES FLEXIBLES'),
('CONECTORES FLEXIBLES'),
('EXHIBIDOR ACRÍLICO'),
('CESPOPRACTICK / LAVABO'),
('CESPOPRACTICK /  FREGADERO'),
('CESPOPRACTICK / UNIVERSAL'),
('CESPO-PLUS /  FREGADERO'),
('CESPO-PLUS / LAVABO'),
('CESPO-PLUS / UNIVERSAL'),
('CESPOL-RO / LAVABO'),
('CESPOL-RO / FREGADERO'),
('CESPOL-RO / UNIVERSAL'),
('CESPOL-RO REFORZADO / LAVABO'),
('CESPOL-RO REFORZADO / FREGADERO'),
('CESPOL-RO REFORZADO / UNIVERSAL'),
('CESPOL-P / LAVABO'),
('CESPOL-P / FREGADERO'),
('CESPOL-P / UNIVERSAL'),
('Trampa Múltiple Flexible / Destapa Trampas'),
('DESTAPA TRAMPAS'),
('DOBLE TARJA'),
('Extensiones / Fregadero / Universales'),
('EXTENSIONES / UNIVERSAL'),
('EXTENSIONES / FREGADERO'),
('CESBOT / LABAVO'),
('CESBOT / FREGADERO'),
('CESBOT / UNIVERSAL'),
('CESBOT / CON CONTRACANASTA PLÁSTICA'),
('CESBOT / CON CONTRACANASTA CUBIERTA INOXIDABLE'),
('Cabeza Lavabo-Fregadero-Universal, / Canasta plástica / Aerador Flexible'),
('AERADOR FLEXIBLE'),
('CANASTA PLÁSTICA'),
('CABEZA UNIVERSAL / LAVABO'),
('CABEZA UNIVERSAL / FREGADERO'),
('Extensiones / Juegos de soporte'),
('CONECTOR UNIVERSAL / CESPOL'),
('EXTENSIÓN MÚLTIPLE  / UNIVERSAL'),
('"JUEGO DE SOPORTES PARA LAVABO '),
('"'),
('JUEGO DE SOPORTES PARA LAVABO '),
('EXTENSIÓN PARA LAVADORA'),
('Multichupón Universal'),
('Empaques'),
('UNIVERSAL  / UNIVERSAL '),
('EMPQUE CHUPÓN / CAMPANA'),
('EMPQUE CHUPÓN / TUBO'),
(' KIT DE INSTALACIÓN / FREGADERO'),
(' KIT DE INSTALACIÓN / LAVABO'),
('Kit de Instalación Lavabos / Frgegaderos / Doble Tarja'),
('EXHIBIDOR / CESPOPRACTICK'),
('EXHIBIDOR / CESPOL-RO'),
('Válvula Pilot para WC'),
('VÁLVULA PILOT PARA W.C.'),
('REPUESTO'),
('Herrajes Pilot para W.C.'),
('HERRAJES PILOT PARA W.C.  '),
('Herrajes Pilot para W.C. Con Pulsador 38 ó 58mm'),
('HERRAJES PILOT PARA W.C. CON PULSADOR  '),
('Herrajes para Sanitario'),
('HERRAJES ECONOMAX'),
('HERRAJES MINIMAX'),
('HERRAJE SANITARIO  / EUROTEC'),
('HERRAJE SANITARIO  / SEGURIMAX'),
('HERRAJE SANITARIO  / ROSMASTER'),
('HERRAJE SANITARIO  / HYDROGARD'),
('HERRAJE SANITARIO  / DUOTECH'),
('HERRAJE SANITARIO  / ECONOMAX'),
('HERRAJE SANITARIO  / MINIMAX'),
('VÁLVULA ENTRADA SANITARIO  / EUROTEC'),
('VÁLVULA ENTRADA SANITARIO  / SEGURIMAX'),
('VÁLVULA ENTRADA SANITARIO  / ROSMASTER'),
('VÁLVULA ENTRADA SANITARIO  / HYDROGARD'),
('Válvula descarga para Sanitario'),
('VÁLVULA DESCARGA SANITARIO  / ECONOMAX'),
('VÁLVULA DESCARGA SANITARIO  / MINIMAX'),
('VÁLVULA DESCARGA SANITARIO  / EUROTEC'),
('VÁLVULA DESCARGA SANITARIO  / SEGURIMAX'),
('VÁLVULA DESCARGA SANITARIO  / ROSMASTER'),
('Válvula descarga One-Piece para Sanitario'),
('VÁLVULA DESCARGA SANITARIO  / HYDROGARD'),
('VÁLVULA DESCARGA SANITARIO '),
('Válvula de descarga para One- Piece 3” / Con Tuerca'),
('Válvulas de descarga con Pulsador incluido'),
('VÁLVULA DESCARGA '),
('"Único Pulsador Inteligente Universal para descargas de 2"" y 3"""'),
('PULSADOR UNIVERSAL'),
('CHAPETÓN REDUCTOR'),
('Sapo Flexible / Cristal / Universal'),
('SAPO UNIVERSAL / HYDROGARD'),
('SAPO CRISTAL / HYDROGARD'),
('SAPO  / ECONOFLAP'),
(' Sapo Flexible / Cristal'),
('SAPO FLEXIBLE'),
('SAPO  / CRISTAL'),
('Sapos / Segurimax / Pera Universal'),
('PERA PERFECTA DESCARGA'),
('Sapo / Empaques Esponjosos'),
('VÁLVULA DESCARGA  / CATO'),
('SAPO / CATO'),
('ESPONJOSO / CATO'),
('ESPONJOSO '),
('ESPONJOSO / CON TORNILLOS'),
(' Cuello de Cera / Únicos con Parafina 100% Pura'),
('CUELLO DE CERA'),
('Palancas WC'),
('PALANCA / PUSH BOTON'),
('PALANCA / DE LUJO'),
('PALANCA / MANIJA BLANCA'),
('PALANCA / MANIJA CROMADA'),
('PALANCA / SEMILATERAL'),
('PALANCA / JANETT'),
(' Brida Móvil para W.C.'),
('BRIDA MÓVIL'),
(' Juego de Tornillos / Cubre Pijas'),
('JUEGO DE TORNILLOS'),
('Flotadores / Porta Rollo / Filtro para Válvulas '),
('FLOTADOR / REFORZADO'),
('PORTA ROLLO'),
('FILTRO PARA VÁLVULAS DE WC'),
('FLOTADOR / SOPLADO'),
('FLOTADOR / PREMIUM'),
('Válvulas de Control Hembra'),
('NIPLE'),
('VÁLVULA CONTROL / CROMADA'),
('VÁLVULA CONTROL / BLANCA'),
('Destapacaños'),
('Kit de Intalación para Sanitarios'),
('KIT DE INSTALACION SANITARIOS'),
('PLAYERA FAMA'),
('CAMISA FAMA'),
('EXHIBIDOR FAMA');



















-- importacion de tipos
INSERT INTO tb_tipos (`nombreTipo`) VALUES ('PZAS     '),
(' PZAS     '),
('  PZAS     '),
(' PZAS          '),
(' PZAS'),
('PZAS'),
(''),
(' PZAS      '),
('PZAS        '),
('PZAS '),
(' PZAS '),
(' PZAS        '),
(' PZAS         '),
(' PZAS       '),
('  PZAS             '),
('   PZAS       '),
('   PZAS          '),
('PZAS       '),
('PZAS          '),
('PZAS           '),
('10'),
('PZAS      '),
('PZAS.'),
(' PAZS'),
('PZA'),
('PZA.'),
('BOLSITAS con 12 arañas'),
('BOLSAS'),
(' BOLSAS'),
(' PZA'),
('JGOS.'),
('JGOS'),
(' JUEGOS'),
('50'),
(' PZAS.'),
('JUEGOS');











-- importacion de productos 
INSERT INTO `tb_inventario` (`idProveedor`, `departamento`, `modelo`, `descripcion`, `master`, `tipo`, `codigo`, `codigo_sat`, `lista_seguridad_v_p`, `pvf`, `pag2`, `division_catalogo_fama`) VALUES ('1','CONECTORES FAMAFLEX / LAVABO  FREGADERO','3500','"FAMAFLEX PREMIUM AGUA 1/2"" FIP X 1/2"" AM X 40 CM"','30','PZAS     ','7501728135003','40142008','2,313333333','21,56356798','2','DIV-2 CONECTORES FLEXIBLES'),
('1','CONECTORES FAMAFLEX / LAVABO  FREGADERO','3501','"FAMAFLEX PREMIUM AGUA 1/2"" FIP X 1/2"" FIP X 40 CM"','30','PZAS     ','7501728135010','40142008','2,724444444','25,39571022','2','DIV-2 CONECTORES FLEXIBLES'),
('1','CONECTORES FAMAFLEX / LAVABO  FREGADERO','3502','"FAMAFLEX PREMIUM AGUA 1/2"" FIP X 1/2"" FIP X 55 CM"','30',' PZAS     ','7501728135027','40142008','3,077777778','28,68928112','2','DIV-2 CONECTORES FLEXIBLES'),
('1','CONECTORES FAMAFLEX / LAVABO  FREGADERO','3503','"FAMAFLEX PREMIUM AGUA 1/2"" FIP X 1/2"" FIP X 70 CM"','30','  PZAS     ','7501728135034','40142008','4,24','39,52285082','2','DIV-2 CONECTORES FLEXIBLES'),
('1','CONECTORES FAMAFLEX / LAVABO  FREGADERO','3504','"FAMAFLEX PREMIUM AGUA 1/2"" FIP X 1/2"" FIP X 100 CM"','15',' PZAS          ','7501728135041','40142008','4,42','41,20070769','2','DIV-2 CONECTORES FLEXIBLES'),
('1','CONECTORES FAMAFLEX / LAVABO  FREGADERO','3505','"FAMAFLEX PREMIUM AGUA 1/2"" FIP X 1/2"" FIP X 200 CM"','10',' PZAS','7501728135058','40142008','8,375555556','78,07213037','2','DIV-2 CONECTORES FLEXIBLES'),
('1','CONECTORES FAMAFLEX / LAVABO  FREGADERO','3506','"FAMAFLEX PREMIUM AGUA 1/2"" FIP X 1/2"" AM X 55 CM"','30','PZAS     ','7501728135065','40142008','3,12','29,08285249','2','DIV-2 CONECTORES FLEXIBLES'),
('1','CONECTORES FAMAFLEX / LAVABO  FREGADERO','3537','JUEGO DE VÁLVULAS Y CONECTORES FLEXIBLES, LAVABO Y FREGADERO 1/2 X 1/2 X 40CM','50','PZAS','7501728135379','30181701 ','3,375555556','31,46499497','2','DIV-2 CONECTORES FLEXIBLES'),
('1','CONECTORES FAMAFLEX / LAVABO  FREGADERO','3580','FAMAFLEX PREMIUM TEE 1/2 FIP X 1/2 FIP 55CMS','10','PZAS','7501728135805','40142008','7,126666667','66,43070366','2','DIV-2 CONECTORES FLEXIBLES'),
('1','CONECTORES FAMAFLEX / LAVABO  FREGADERO','3581','FAMAFLEX PREMIUM TEE 3/8 COMP x 1/2 FIP 55CMS','10','PZAS','7501728135812','40142008','7,126666667','66,43070366','2','DIV-2 CONECTORES FLEXIBLES'),
('1','CONECTORES FAMAFLEX / LAVABO  FREGADERO','3590','"FAMAFLEX PREMIUM AGUA 1/2"" FIP X 1/2"" FIP X 120 CM"','10',' PZAS','75017281359094','40142008','0','0','2','DIV-2 CONECTORES FLEXIBLES'),
('1','CONECTORES FAMAFLEX / LAVABO  FREGADERO','3591','"FAMAFLEX PREMIUM AGUA 1/2"" FIP X 1/2"" FIP X 150 CM"','10',' PZAS','7501728135911','40142008','0','0','2','DIV-2 CONECTORES FLEXIBLES'),
('1','CONECTORES FAMAFLEX / LAVABO  FREGADERO','3593','"FAMAFLEX PREMIUM AGUA 1/2"" FIP X 1/2"" FIP X 300 CM"','6',' PZAS','7501728135935','40142008','0','0','2','DIV-2 CONECTORES FLEXIBLES'),
('1','/ LAVABO / FREGADERO / SANITARIO','','','','','','','','0','',''),
('1','CONECTORES FAMAFLEX / LAVABO /  FREGADERO / SANITARIO','3508','"FAMAFLEX PREMIUM AGUA 1/2"" M NIQ X 1/2"" AM X 40 CM"','30','PZAS','7501728135089','40142008','3,648888889','34,0128517','3','DIV-2 CONECTORES FLEXIBLES'),
('1','CONECTORES FAMAFLEX / LAVABO /  FREGADERO / SANITARIO','3509','"FAMAFLEX PREMIUM AGUA 1/2"" M NIQ X 1/2"" AM X 55 CM"','30','PZAS','7501728135096','40142008','3,955555556','36,87142267','3','DIV-2 CONECTORES FLEXIBLES'),
('1','CONECTORES FAMAFLEX / LAVABO /  FREGADERO / SANITARIO','3511','"FAMAFLEX PREMIUM AGUA 1/2"" M NIQ X 1/2"" AM X 70 CM"','30','PZAS','7501728135119','40142008','4,291111111','39,99927931','3','DIV-2 CONECTORES FLEXIBLES'),
('1','CONECTORES FAMAFLEX / LAVABO /  FREGADERO / SANITARIO','3512','"FAMAFLEX PREMIUM AGUA 1/2"" M NIQ X 1/2"" AM X 100 CM"','30','PZAS','7501728135126','40142008','5,577777778','51,99284882','3','DIV-2 CONECTORES FLEXIBLES'),
('1','CONECTORES FAMAFLEX / LAVABO /  FREGADERO / SANITARIO','3520','"FAMAFLEX PREMIUM AGUA 3/8"" COMP X 1/2"" AM X 40 CM"','30',' PZAS      ','7501728135201','40142008','2,568888889','23,94571045','3','DIV-2 CONECTORES FLEXIBLES'),
('1','CONECTORES FAMAFLEX / LAVABO /  FREGADERO / SANITARIO','3529','"FAMAFLEX PREMIUM AGUA 3/8"" COMP X 1/2"" AM X 55 CM"','30',' PZAS      ','7501728135294','40142008','3,14','29,26928103','3','DIV-2 CONECTORES FLEXIBLES'),
('1','CONECTORES FAMAFLEX / LAVABO /  FREGADERO / SANITARIO','3521','"FAMAFLEX PREMIUM AGUA 3/8"" COMP X 1/2"" FIP X 40 CM"','50',' PZAS      ','7501728135218','40142008','3,057777778','28,50285258','3','DIV-2 CONECTORES FLEXIBLES'),
('1','CONECTORES FAMAFLEX / LAVABO /  FREGADERO / SANITARIO','3522','"FAMAFLEX PREMIUM AGUA 3/8"" COMP X 1/2"" FIP X 55 CM"','30','PZAS        ','7501728135225','40142008','3,56','33,1842804','3','DIV-2 CONECTORES FLEXIBLES'),
('1','CONECTORES FAMAFLEX / LAVABO /  FREGADERO / SANITARIO','3523','"FAMAFLEX PREMIUM AGUA 3/8"" COMP X 1/2"" FIP X 80 CM"','30',' PZAS','7501728135232','40142008','4,975555556','46,37927829','3','DIV-2 CONECTORES FLEXIBLES'),
('1','CONECTORES FAMAFLEX / LAVABO /  FREGADERO / SANITARIO','3531','"FAMAFLEX PREMIUM SANITARIO 1/2"" FIP X 7/8"" FIP X 35 CM"','30',' PZAS      ','7501728135317','40142008','2,946666667','27,46713846','3','DIV-2 CONECTORES FLEXIBLES'),
('1','CONECTORES FAMAFLEX / LAVABO /  FREGADERO / SANITARIO','3532','"FAMAFLEX PREMIUM SANITARIO 1/2"" FIP X 7/8"" FIP X 55 CM"','30','PZAS ','7501728135324','40142008','3,38','31,50642353','3','DIV-2 CONECTORES FLEXIBLES'),
('1','CONECTORES FAMAFLEX / LAVABO /  FREGADERO / SANITARIO','3533','"FAMAFLEX PREMIUM SANITARIO 7/8"" FIP X 7/8"" FIP X 35 CM"','30',' PZAS ','7501728135331','40142008','3,386666667','31,56856638','3','DIV-2 CONECTORES FLEXIBLES'),
('1','CONECTORES FAMAFLEX / LAVABO /  FREGADERO / SANITARIO','3551','"FAMAFLEX PREMIUM MONOMANDO 1/2"" FIP X 3/8"" U.N.F. X 40 CM"','30',' PZAS        ','7501728135515','40142008','3,74','34,86213728','3','DIV-2 CONECTORES FLEXIBLES'),
('1','CONECTORES FAMAFLEX / LAVABO /  FREGADERO / SANITARIO','3552','"FAMAFLEX PREMIUM MONOMANDO 1/2"" FIP X 3/8"" U.N.F. X 55 CM"','30',' PZAS        ','7501728135522','40142008','3,888888889','36,2499942','3','DIV-2 CONECTORES FLEXIBLES'),
('1','CONECTORES FAMAFLEX / LAVABO /  FREGADERO / SANITARIO','3553','"FAMAFLEX PREMIUM MONOMANDO 1/2"" FIP X M10 X 40 CM"','30',' PZAS     ','7501728135539','40142008','4,315555556','40,22713642','3','DIV-2 CONECTORES FLEXIBLES'),
('1','CONECTORES FAMAFLEX / LAVABO /  FREGADERO / SANITARIO','3554','"FAMAFLEX PREMIUM MONOMANDO 1/2"" FIP X M10 X 60 CM"','30',' PZAS      ','7501728135546','40142008','4,748888889','44,26642149','3','DIV-2 CONECTORES FLEXIBLES'),
('1','CONECTORES FAMAFLEX / LAVABO /  FREGADERO / SANITARIO','3595','"FAMAFLEX PREMIUM AGUA 3/8"" COMP X 1/2"" FIP X 100 CM"','15',' PZAS','7501728135959','40142008','0','0','3','DIV-2 CONECTORES FLEXIBLES'),
('1','CONECTORES FAMAFLEX / LAVABO /  FREGADERO / SANITARIO','3596','"FAMAFLEX PREMIUM AGUA 3/8"" COMP X 1/2"" FIP X 200 CM"','10',' PZAS','7501728135966','40142008','0','0','3','DIV-2 CONECTORES FLEXIBLES'),
('1','/ LAVABO / FREGADERO / SANITARIO','','','','','','','','0','',''),
('1','CONECTORES FAMAFLEX / LAVABO / FREGADERO / SANITARIO','3539','JUEGO DE VÁLVULAS Y CONECTORES FLEXIBLES, LAVABO Y FREGADERO 1/2 X 7/8 X 35CM','50','PZAS','7501728135393','30181701 ','3,72','34,67570874','4','DIV-2 CONECTORES FLEXIBLES'),
('1','CONECTORES FAMAFLEX / LAVABO / FREGADERO / SANITARIO','3541','"FAMAFLEX PREMIUM SANITARIO 3/8"" COMP X 7/8"" AM X 40 CM"','50',' PZAS         ','7501728135416','40142008','3,466666667','32,31428054','4','DIV-2 CONECTORES FLEXIBLES'),
('1','CONECTORES FAMAFLEX / LAVABO / FREGADERO / SANITARIO','3542','"FAMAFLEX PREMIUM SANITARIO 3/8"" COMP X 7/8"" AM X 55 CM"','30',' PZAS     ','7501728135423','40142008','3,14','29,26928103','4','DIV-2 CONECTORES FLEXIBLES'),
('1','CONECTORES FAMAFLEX / LAVABO / FREGADERO / SANITARIO','3545','"FAMAFLEX PREMIUM SANITARIO 1/2"" M NIQ X 7/8"" AM X 40 CM"','30','PZAS','7501728135454','40142008','3,648888889','34,0128517','4','DIV-2 CONECTORES FLEXIBLES'),
('1','CONECTORES FAMAFLEX / LAVABO / FREGADERO / SANITARIO','3546','"FAMAFLEX PREMIUM SANITARIO 1/2"" M NIQ X 7/8"" AM X 55 CM"','30','PZAS','7501728135461','40142008','3,955555556','36,87142267','4','DIV-2 CONECTORES FLEXIBLES'),
('1','CONECTORES FAMAFLEX / LAVABO / FREGADERO / SANITARIO','3547','"FAMAFLEX PREMIUM SANITARIO 1/2"" FIP X 7/8"" AM X 35 CM"','30',' PZAS     ','7501728135478','40142008','2,424444444','22,5992821','4','DIV-2 CONECTORES FLEXIBLES'),
('1','CONECTORES FAMAFLEX / LAVABO / FREGADERO / SANITARIO','3548','"FAMAFLEX PREMIUM SANITARIO 1/2"" FIP X 7/8"" AM X 40 CM"','30',' PZAS      ','7501728135485','40142008','2,791111111','26,01713869','4','DIV-2 CONECTORES FLEXIBLES'),
('1','CONECTORES FAMAFLEX / LAVABO / FREGADERO / SANITARIO','3549','FAMAFLEX PREMIUM SANITARIO 1/2 FIP X 7/8 AM 55CM','30','PZAS','7501728135492','40142008','3,14','29,26928103','4','DIV-2 CONECTORES FLEXIBLES'),
('1','/ GAS / USO GENERAL / PIG TAIL','','','','','','','','0','',''),
('1','CONECTORES FAMAFLEX /  GAS / USOS GENERALES / PIG TAIL','3601','"FAMAFLEX PREMIUM GAS 3/8""  X 3/8""  X 60 CM"','16','PZAS     ','7501728136017','40142009','3,962222222','36,93356552','5','DIV-2 CONECTORES FLEXIBLES'),
('1','CONECTORES FAMAFLEX /  GAS / USOS GENERALES / PIG TAIL','3602','"FAMAFLEX PREMIUM GAS 3/8""  X 3/8""  X 100 CM"','16',' PZAS       ','7501728136024','40142009','4,82','44,92927853','5','DIV-2 CONECTORES FLEXIBLES'),
('1','CONECTORES FAMAFLEX /  GAS / USOS GENERALES / PIG TAIL','3603','"FAMAFLEX PREMIUM GAS 3/8""  X 3/8""  X 150 CM"','12','  PZAS             ','7501728136031','40142009','6,002222222','55,94927676','5','DIV-2 CONECTORES FLEXIBLES'),
('1','CONECTORES FAMAFLEX /  GAS / USOS GENERALES / PIG TAIL','3604','"FAMAFLEX PREMIUM GAS 3/8""  X 3/8""  X 200 CM"','10','   PZAS       ','7501728136048','40142009','7,126666667','66,43070366','5','DIV-2 CONECTORES FLEXIBLES'),
('1','CONECTORES FAMAFLEX /  GAS / USOS GENERALES / PIG TAIL','3605','"FAMAFLEX PREMIUM USOS GENERALES 3/8""  X 3/8""  X 300 CM"','6',' PZAS          ','7501728136055','40142009','8,888888889','82,8571296','5','DIV-2 CONECTORES FLEXIBLES'),
('1','CONECTORES FAMAFLEX /  GAS / USOS GENERALES / PIG TAIL','3606','"FAMAFLEX PREMIUM USOS GENERALES 3/8""  X 3/8""  X 400 CM"','6',' PZAS          ','7501728136062','40142009','10,90466667','101,6470552','5','DIV-2 CONECTORES FLEXIBLES'),
('1','CONECTORES FAMAFLEX /  GAS / USOS GENERALES / PIG TAIL','3607','"FAMAFLEX PREMIUM USOS GENERALES 3/8""  X 3/8""  X 500 CM"','6','   PZAS          ','7501728136079','40142009','13,20666667','123,1049803','5','DIV-2 CONECTORES FLEXIBLES'),
('1','CONECTORES FAMAFLEX /  GAS / USOS GENERALES / PIG TAIL','3609','"FAMAFLEX PREMIUM USOS GENERALES 3/8""  X 3/8""  X 1000 CM"','3','PZAS','7501728136093','40142009','23,84222222','222,2435359','5','DIV-2 CONECTORES FLEXIBLES'),
('1','CONECTORES FAMAFLEX /  GAS / USOS GENERALES / PIG TAIL','3631','"FAMAFLEX PREMIUM GAS 5/16""  X 5/16""  X 60 CM"','16','PZAS     ','7501728136314','40142009','3,888888889','36,2499942','5','DIV-2 CONECTORES FLEXIBLES'),
('1','CONECTORES FAMAFLEX /  GAS / USOS GENERALES / PIG TAIL','3632','"FAMAFLEX PREMIUM GAS 5/16""  X 5/16""  X 100 CM"','16',' PZAS       ','7501728136321','40142009','4,748888889','44,26642149','5','DIV-2 CONECTORES FLEXIBLES'),
('1','CONECTORES FAMAFLEX /  GAS / USOS GENERALES / PIG TAIL','3633','"FAMAFLEX PREMIUM GAS 5/16""  X 5/16""  X 150 CM"','12',' PZAS        ','7501728136338','40142009','5,9','54,99641977','5','DIV-2 CONECTORES FLEXIBLES'),
('1','CONECTORES FAMAFLEX /  GAS / USOS GENERALES / PIG TAIL','3634','"FAMAFLEX PREMIUM GAS 5/16""  X 5/16""  X 200 CM"','10','PZAS       ','7501728136345','40142009','7,055555556','65,76784662','5','DIV-2 CONECTORES FLEXIBLES'),
('1','CONECTORES FAMAFLEX /  GAS / USOS GENERALES / PIG TAIL','3635','"FAMAFLEX PREMIUM GAS 5/16""  X 5/16""  X 250 CM"','9',' PZAS          ','7501728136352','40142009','8,206666667','76,4978449','5','DIV-2 CONECTORES FLEXIBLES'),
('1','CONECTORES FAMAFLEX /  GAS / USOS GENERALES / PIG TAIL','3636','"FAMAFLEX PREMIUM USOS GENERALES 5/16""  X 5/16""  X 300 CM"','6','PZAS          ','7501728136369','40142009','8,837777778','82,3807011','5','DIV-2 CONECTORES FLEXIBLES'),
('1','CONECTORES FAMAFLEX /  GAS / USOS GENERALES / PIG TAIL','3637','"FAMAFLEX PREMIUM USOS GENERALES 5/16""  X 5/16""  X 400 CM"','6','PZAS          ','7501728136376','40142009','10,94444444','102,0178408','5','DIV-2 CONECTORES FLEXIBLES'),
('1','CONECTORES FAMAFLEX /  GAS / USOS GENERALES / PIG TAIL','3638','"FAMAFLEX PREMIUM USOS GENERALES 5/16""  X 5/16""  X 500 CM"','6','PZAS           ','7501728136383','40142009','13,10222222','122,131409','5','DIV-2 CONECTORES FLEXIBLES'),
('1','CONECTORES FAMAFLEX /  GAS / USOS GENERALES / PIG TAIL','3639','"FAMAFLEX PREMIUM USOS GENERALES 5/16""  X 5/16""  X 800 CM"','4','PZAS     ','7501728136390','40142009','19,37111111','180,5663997','5','DIV-2 CONECTORES FLEXIBLES'),
('1','CONECTORES FAMAFLEX /  GAS / USOS GENERALES / PIG TAIL','3640','"FAMAFLEX PREMIUM USOS GENERALES 5/16""  X 5/16""  X 1000 CM"','3','PZAS     ','7501728136406','40142009','23,32888889','217,4585366','5','DIV-2 CONECTORES FLEXIBLES'),
('1','CONECTORES FAMAFLEX /  GAS / USOS GENERALES / PIG TAIL','3641','"FAMAFLEX PREMIUM PIG TAIL 7/16"" M X 7/8"" IZQ X 35 CM"','30',' PZAS      ','7501728136413','40142009','5,113333333','47,6635638','5','DIV-2 CONECTORES FLEXIBLES'),
('1','CONECTORES FAMAFLEX /  GAS / USOS GENERALES / PIG TAIL','3642','"FAMAFLEX PREMIUM PIG TAIL 7/16"" M X 7/8"" IZQ X 55 CM"','25',' PZAS        ','7501728136420','40142009','5,9','54,99641977','5','DIV-2 CONECTORES FLEXIBLES'),
('1','/ BOILER','','','','','','','','0','',''),
('1','CONECTORES FAMAFLEX / BOILER','3560','FAMAFLEX PREMIUM BOILER HEMBRAS 1/2 FIP X 3/4 FIP 80CM','10','PZAS','7501728135607','40142008','9,64','89,85855705','6','DIV-2 CONECTORES FLEXIBLES'),
('1','CONECTORES FAMAFLEX / BOILER','3561','"FAMAFLEX PREMIUM BOILER HEMBRAS 1/2"" FIP X 3/4"" FIP  X 40 CM"','15',' PZAS     ','7501728135614','40142008','7,631111111','71,13284576','6','DIV-2 CONECTORES FLEXIBLES'),
('1','CONECTORES FAMAFLEX / BOILER','3562','"FAMAFLEX PREMIUM BOILER HEMBRAS 1/2"" FIP X 3/4"" FIP X 60 CM"','15',' PZAS     ','7501728135621','40142008','8,56','79,7914158','6','DIV-2 CONECTORES FLEXIBLES'),
('1','CONECTORES FAMAFLEX / BOILER','3563','"FAMAFLEX PREMIUM BOILER HEMBRAS 3/4"" FIP X 3/4"" FIP X 40 CM"','15','10','7501728135638','40142008','8,206666667','76,4978449','6','DIV-2 CONECTORES FLEXIBLES'),
('1','CONECTORES FAMAFLEX / BOILER','3564','"FAMAFLEX PREMIUM BOILER HEMBRAS 3/4"" FIP X 3/4"" FIP X 60 CM"','15','PZAS          ','7501728135645','40142008','9,213333333','85,88141483','6','DIV-2 CONECTORES FLEXIBLES'),
('1','CONECTORES FAMAFLEX / BOILER','3565','"FAMAFLEX PREMIUM BOILER HEMBRAS 3/4"" FIP X 3/4"" FIP X 120 CM"','6','PZAS','7501728135652','40142008','12,45111111','116,0621243','6','DIV-2 CONECTORES FLEXIBLES'),
('1','CONECTORES FAMAFLEX / BOILER','3566','FAMAFLEX PREMIUM BOILER HEMBRAS 3/4 X 3/4 80CM','10','PZAS','7501728135669','40142008','10,33333333','96,32141316','6','DIV-2 CONECTORES FLEXIBLES'),
('1','CONECTORES FAMAFLEX / BOILER','3567','"FAMAFLEX PREMIUM BOILER HEMBRAS 1/2"" FIP X 1/2"" FIP  X 60 CM"','15',' PZAS     ','7501728135676','40142008','9,064444444','84,49355791','6','DIV-2 CONECTORES FLEXIBLES'),
('1','CONECTORES FAMAFLEX / BOILER','3568','"FAMAFLEX PREMIUM BOILER HEMBRAS 1/2"" FIP X 1/2"" FIP  X 80 CM"','10',' PZAS','7501728135683','40142008','9,788888889','91,24641397','6','DIV-2 CONECTORES FLEXIBLES'),
('1','CONECTORES FAMAFLEX / BOILER','3569','"FAMAFLEX PREMIUM BOILER HEMBRAS 1/2"" FIP X 1/2"" FIP  X 120 CM"','6',' PZAS','7501728135690','40142008','13,47555556','125,6114085','6','DIV-2 CONECTORES FLEXIBLES'),
('1','CONECTORES FAMAFLEX / BOILER','3570','FAMAFLEX PREMIUM BOILER HEMBRAS 1/2 FIP X 3/4 FIP 120CM','6','PZAS','7501728135706','40142008','11,72666667','109,3092682','6','DIV-2 CONECTORES FLEXIBLES'),
('1','CONECTORES FAMAFLEX / BOILER','3571','"FAMAFLEX PREMIUM BOILER MACHO 3/4"" M X 3/4"" FIP X 40 CM"','15','PZAS      ','7501728135713','40142008','8,344444444','77,78213041','6','DIV-2 CONECTORES FLEXIBLES'),
('1','CONECTORES FAMAFLEX / BOILER','3572','"FAMAFLEX PREMIUM BOILER MACHO 3/4"" M X 3/4"" FIP X 60 CM"','15',' PZAS        ','750172813572','40142008','9,284444444','86,54427187','6','DIV-2 CONECTORES FLEXIBLES'),
('1','CONECTORES FAMAFLEX / BOILER','3573','FAMAFLEX PREMIUM BOILER MACHO 3/4 M X 3/4 FIP 80CM','10','PZAS','7501728135737','40142008','10,50222222','97,89569862','6','DIV-2 CONECTORES FLEXIBLES'),
('1','CONECTORES FAMAFLEX / BOILER','3574','FAMAFLEX PREMIUM BOILER MACHO 3/4 M X 3/4 FIP 120CM','6','PZAS','7501728135744','40142008','13,56222222','126,4192655','6','DIV-2 CONECTORES FLEXIBLES'),
('1','CONECTORES FAMAFLEX / BOILER','3575','FAMAFLEX PREMIUM BOILER MACHO 1/2 FIP X 3/4 M 60CM','15','PZAS','7501728135751','40142008','9,351111111','87,16570034','6','DIV-2 CONECTORES FLEXIBLES'),
('1','CONECTORES FAMAFLEX / BOILER','3576','FAMAFLEX PREMIUM BOILER MACHO 1/2 FIP X 3/4 M 80CM','10','PZAS','7501728135768','40142008','10,07111111','93,87712784','6','DIV-2 CONECTORES FLEXIBLES'),
('1','CONECTORES FAMAFLEX / BOILER','3577','FAMAFLEX PREMIUM BOILER MACHO 1/2 FIP X 3/4 M 120CM','6','PZAS','7501728135775','40142008','10,93555556','101,9349837','6','DIV-2 CONECTORES FLEXIBLES'),
('1','CONECTORES FAMAFLEX / BOILER','3578','"FAMAFLEX PREMIUM BOILER HEMBRAS 1/2"" FIP X 1/2"" FIP  X 40 CM"','15','PZAS','7501728135782','40142008','7,444444444','69,39284604','6','DIV-2 CONECTORES FLEXIBLES'),
('1','/ LAVABO / FREGADERO / SANITARIO','','','','','','CLEAN FLOW','','0','',''),
('1','CONECTORES FAMAFLEX / LAVABO / FREGADERO / SANITARIO','3524','"FAMAFLEX PREMIUM AGUA 3/8"" COMP X 1/2"" FIP X 12"""','30',' PZAS','7501728135249','40142008','3,802222222','35,44213719','7','DIV-2 CONECTORES FLEXIBLES'),
('1','CONECTORES FAMAFLEX / LAVABO / FREGADERO / SANITARIO','3525','"FAMAFLEX PREMIUM AGUA 3/8"" COMP X 1/2"" FIP X 16"""','30',' PZAS','7501728135256','40142008','4,111111111','38,32142244','7','DIV-2 CONECTORES FLEXIBLES'),
('1','CONECTORES FAMAFLEX / LAVABO / FREGADERO / SANITARIO','3526','"FAMAFLEX PREMIUM AGUA 3/8"" COMP X 1/2"" FIP X 20"""','30',' PZAS','7501728135263','40142008','4,42','41,20070769','7','DIV-2 CONECTORES FLEXIBLES'),
('1','CONECTORES FAMAFLEX / LAVABO / FREGADERO / SANITARIO','3527','"FAMAFLEX PREMIUM AGUA 3/8"" COMP X 1/2"" FIP X 30"""','30',' PZAS','7501728135270','40142008','5,242222222','48,86499218','7','DIV-2 CONECTORES FLEXIBLES'),
('1','CONECTORES FAMAFLEX / LAVABO / FREGADERO / SANITARIO','3528','"FAMAFLEX PREMIUM AGUA 3/8"" COMP X 1/2"" FIP X 36"""','20',' PZAS','7501728135287','40142008','5,653333333','52,69713443','7','DIV-2 CONECTORES FLEXIBLES'),
('1','CONECTORES FAMAFLEX / LAVABO / FREGADERO / SANITARIO','3543','"FAMAFLEX PREMIUM SANITARIO 3/8"" COMP X 7/8"" AM X 9"""','30','PZAS','7501728135430','40142008','2,917777778','27,19785279','7','DIV-2 CONECTORES FLEXIBLES'),
('1','CONECTORES FAMAFLEX / LAVABO / FREGADERO / SANITARIO','3544','"FAMAFLEX PREMIUM SANITARIO 3/8"" COMP X 7/8"" AM X 12"""','30','PZAS','7501728135447','40142008','3,148888889','29,35213816','7','DIV-2 CONECTORES FLEXIBLES'),
('1','CONECTORES FAMAFLEX / LAVABO / FREGADERO / SANITARIO','3540','"FAMAFLEX PREMIUM SANITARIO 3/8"" COMP X 7/8"" AM X 20"""','30','PZAS','7501728135409','40142008','3,751111111','34,96570869','7','DIV-2 CONECTORES FLEXIBLES'),
('1','/ LAVABO / FREGADERO','','','','','','','','0','',''),
('1','CONECTORES FAMAFLEX / LAVABO  FREGADERO','3519','"JUEGO DE VÁLVULAS Y CONECTORES FLEXIBLES, LAVABO Y FREGADERO 1/2"" X 1/2"" X 40CMS."','50','PZAS','7501728135195','30181701 ','2,451111111','22,84785349','8','DIV-2 CONECTORES FLEXIBLES'),
('1','CONECTORES FAMAFLEX / LAVABO  FREGADERO','3584','"FAMAFLEX ""POLIACERO"" TEE 1/2"" AM x 1/2"" AM x 55CMS"','10','PZAS','7501728135843','40142008','6,166666667','57,48213366','8','DIV-2 CONECTORES FLEXIBLES'),
('1','CONECTORES FAMAFLEX / LAVABO  FREGADERO','3585','"FAMAFLEX ""POLIACERO"" TEE 3/8"" COMP x 1/2"" AM 55CMS"','10','PZAS','7501728135850','40142008','6,626666667','61,76999012','8','DIV-2 CONECTORES FLEXIBLES'),
('1','CONECTORES FAMAFLEX / LAVABO  FREGADERO','3901','"FAMAFLEX ""POLIACERO"" LAV / FREG 1/2 X 1/2 40CM "','30','PZAS','7501728139018','40142008','2,553333333','23,80071048','8','DIV-2 CONECTORES FLEXIBLES'),
('1','CONECTORES FAMAFLEX / LAVABO  FREGADERO','3902','"FAMAFLEX ""POLIACERO"" LAV / FREG 1/2 X 1/2 55CM "','30',' PZAS','7501728139025','40142008','2,857777778','26,63856717','8','DIV-2 CONECTORES FLEXIBLES'),
('1','CONECTORES FAMAFLEX / LAVABO  FREGADERO','3903','"FAMAFLEX ""POLIACERO"" LAV / FREG 1/2 X 1/2 70CM "','30',' PZAS','7501728139032','40142008','3,7','34,4892802','8','DIV-2 CONECTORES FLEXIBLES'),
('1','CONECTORES FAMAFLEX / LAVABO  FREGADERO','3904','"FAMAFLEX ""POLIACERO"" LAV / FREG 1/2 X 1/2 100CM "','15',' PZAS','7501728139049','40142008','4,06','37,84499394','8','DIV-2 CONECTORES FLEXIBLES'),
('1','CONECTORES FAMAFLEX / LAVABO  FREGADERO','3905','"FAMAFLEX ""POLIACERO"" LAV / FREG 1/2 X 1/2 200CM "','10',' PZAS','7501728139056','40142008','6,782222222','63,21998988','8','DIV-2 CONECTORES FLEXIBLES'),
('1','CONECTORES FAMAFLEX / LAVABO  FREGADERO','3909','"FAMAFLEX ""POLIACERO"" LAV / FREG 3/8"" COMP X 1/2"" AM 40CM"','30','PZAS','7501728139094','40142008','2,297777778','21,418568','8','DIV-2 CONECTORES FLEXIBLES'),
('1','CONECTORES FAMAFLEX / LAVABO  FREGADERO','3910','"FAMAFLEX ""POLIACERO"" LAV / FREG 3/8"" COMP X 1/2"" AM 55CM "','30','PZAS','7501728139100','40142008','2,548888889','23,75928191','8','DIV-2 CONECTORES FLEXIBLES'),
('1','CONECTORES FAMAFLEX / LAVABO  FREGADERO','3911','"FAMAFLEX ""POLIACERO"" LAV / FREG 1/2 FIP X 1/2 AM 40CM "','30',' PZAS','7501728139117','40142008','2,155555556','20,09285393','8','DIV-2 CONECTORES FLEXIBLES'),
('1','CONECTORES FAMAFLEX / LAVABO  FREGADERO','3912','"FAMAFLEX ""POLIACERO"" LAV / FREG 1/2 FIP X 1/2 AM 55CM "','30','PZAS','7501728139124','40142008','2,724444444','25,39571022','8','DIV-2 CONECTORES FLEXIBLES'),
('1','CONECTORES FAMAFLEX / LAVABO  FREGADERO','3913','"FAMAFLEX ""POLIACERO"" LAV / FREG 1/2 FIP X 1/2 AM 70CM "','30',' PZAS','7501728139131','40142008','3,133333333','29,20713818','8','DIV-2 CONECTORES FLEXIBLES'),
('1','/ LAVABO / FREGADERO / SANITARIO','','','','','','','','0','',''),
('1','CONECTORES FAMAFLEX / LAVABO  FREGADERO / SANITARIO','3518','"JUEGO DE VÁLVULAS Y CONECTORES FLEXIBLES, SANITARIO 1/2"" X 7/8"" X 35CMS."','50','PZAS','7501728135195','30181701 ','2,353333333','21,93642506','9','DIV-2 CONECTORES FLEXIBLES'),
('1','CONECTORES FAMAFLEX / LAVABO  FREGADERO / SANITARIO','3907','"FAMAFLEX ""POLIACERO"" LAV / FREG 3/8"" COMP X 1/2"" FIP 40CM"','30','PZAS','7501728139070','40142008','2,877777778','26,82499571','9','DIV-2 CONECTORES FLEXIBLES'),
('1','CONECTORES FAMAFLEX / LAVABO  FREGADERO / SANITARIO','3908','"FAMAFLEX ""POLIACERO"" LAV / FREG 3/8"" COMP X 1/2"" FIP 55CM "','30','PZAS','7501728139087','40142008','3,202222222','29,84928094','9','DIV-2 CONECTORES FLEXIBLES'),
('1','CONECTORES FAMAFLEX / LAVABO  FREGADERO / SANITARIO','3918','"FAMAFLEX ""POLIACERO"" LAV / FREG 1/2"" MA X 1/2 AM 40CM"','30','PZAS','7501728139186','40142008','1,88','17,52428291','9','DIV-2 CONECTORES FLEXIBLES'),
('1','CONECTORES FAMAFLEX / LAVABO  FREGADERO / SANITARIO','3919','"FAMAFLEX ""POLIACERO"" LAV / FREG 1/2"" MA X 1/2 AM 55CM"','30','PZAS','7501728139193','40142008','2,122222222','19,78213969','9','DIV-2 CONECTORES FLEXIBLES'),
('1','CONECTORES FAMAFLEX / LAVABO  FREGADERO / SANITARIO','3920','"FAMAFLEX ""POLIACERO"" LAV / FREG 1/2"" MA X 1/2 AM 70CM"','30','PZAS','7501728139209','40142008','2,353333333','21,93642506','9','DIV-2 CONECTORES FLEXIBLES'),
('1','CONECTORES FAMAFLEX / LAVABO  FREGADERO / SANITARIO','3924','"FAMAFLEX ""POLIACERO"" LAV / FREG 1/2"" MA X 1/2 AM 100CM"','30','PZAS','7501728139247','40142008','3,022222222','28,17142406','9','DIV-2 CONECTORES FLEXIBLES'),
('1','CONECTORES FAMAFLEX / LAVABO  FREGADERO / SANITARIO','3938','"FAMAFLEX ""POLIACERO"" SANITARIO 3/8 COMP X 7/8 FIP 35CM "','30',' PZAS','7501728139384','40142008','2,884444444','26,88713856','9','DIV-2 CONECTORES FLEXIBLES'),
('1','CONECTORES FAMAFLEX / LAVABO  FREGADERO / SANITARIO','3939','"FAMAFLEX ""POLIACERO"" SANITARIO 3/8 COMP X 7/8 FIP 55CM"','30',' PZAS','7501728139391','40142008','3,255555556','30,34642372','9','DIV-2 CONECTORES FLEXIBLES'),
('1','/ SANITARIO','','','','','','','','0','',''),
('1','CONECTORES FAMAFLEX / SANITARIO','3931','"FAMAFLEX ""POLIACERO"" SANITARIO 1/2 X 7/8 35CM "','30',' PZAS','7501728139315','40142008','2,815555556','26,2449958','10','DIV-2 CONECTORES FLEXIBLES'),
('1','CONECTORES FAMAFLEX / SANITARIO','3932','"FAMAFLEX ""POLIACERO"" SANITARIO 1/2 FIP X 7/8 FIP 55CM "','30',' PZAS','7501728139322','40142008','3,186666667','29,70428096','10','DIV-2 CONECTORES FLEXIBLES'),
('1','CONECTORES FAMAFLEX / SANITARIO','3933','"FAMAFLEX ""POLIACERO"" SANITARIO 1/2 FIP X 7/8 FIP 80CM"','15',' PZAS','7501728139339','40142008','3,742222222','34,88285156','10','DIV-2 CONECTORES FLEXIBLES'),
('1','CONECTORES FAMAFLEX / SANITARIO','3934','"FAMAFLEX ""POLIACERO"" SANITARIO 7/8 FIP X 7/8 FIP 35CM "','30',' PZAS','7501728139346','40142008','3,268888889','30,47070941','10','DIV-2 CONECTORES FLEXIBLES'),
('1','CONECTORES FAMAFLEX / SANITARIO','3935','"FAMAFLEX ""POLIACERO"" SANITARIO 7/8 FIP X 7/8 FIP 55CM "','30','PZAS','7501728139353','40142008','3,777777778','35,21428008','10','DIV-2 CONECTORES FLEXIBLES'),
('1','CONECTORES FAMAFLEX / SANITARIO','3936','"FAMAFLEX ""POLIACERO"" SANITARIO 7/8 FIP X 7/8 FIP 80CM"','15',' PZAS','7501728139360','40142008','4,102222222','38,23856531','10','DIV-2 CONECTORES FLEXIBLES'),
('1','CONECTORES FAMAFLEX / SANITARIO','3940','"FAMAFLEX ""POLIACERO"" SANITARIO 3/8 COMP X 7/8 AM 55CM"','30','PZAS','7501728139407','40142008','2,682222222','25,00213886','10','DIV-2 CONECTORES FLEXIBLES'),
('1','CONECTORES FAMAFLEX / SANITARIO','3941','"FAMAFLEX ""POLIACERO"" SANITARIO 1/2 FIP X 7/8 AM 35CM "','30',' PZAS','7501728139414','40142008','1,422222222','13,25714074','10','DIV-2 CONECTORES FLEXIBLES'),
('1','CONECTORES FAMAFLEX / SANITARIO','3942','"FAMAFLEX ""POLIACERO"" SANITARIO 1/2 FIP X 7/8 AM 55CM"','30','PZAS','7501728139421','40142008','2,748888889','25,62356733','10','DIV-2 CONECTORES FLEXIBLES'),
('1','CONECTORES FAMAFLEX / SANITARIO','3943','"FAMAFLEX ""POLIACERO"" SANITARIO 7/8 FIP X 7/8 AM 35CM "','30',' PZAS','7501728139438','40142008','2,635555556','24,56713893','10','DIV-2 CONECTORES FLEXIBLES'),
('1','CONECTORES FAMAFLEX / SANITARIO','3944','"FAMAFLEX ""POLIACERO"" SANITARIO 7/8 FIP X 7/8 AM 55CM "','30',' PZAS','7501728139445','40142008','2,928888889','27,3014242','10','DIV-2 CONECTORES FLEXIBLES'),
('1','CONECTORES FAMAFLEX / SANITARIO','3945','"FAMAFLEX ""POLIACERO"" SANITARIO 3/8 COMP X 7/8 AM 35CM"','30','PZAS','7501728139452','40142008','2,306666667','21,50142513','10','DIV-2 CONECTORES FLEXIBLES'),
('1','CONECTORES FAMAFLEX / SANITARIO','3946','"FAMAFLEX ""POLIACERO"" SANITARIO 1/2 FIP X 7/8 AM 40CM"','30','PZAS','7501728139469','S-N','2,155555556','20,09285393','10','DIV-2 CONECTORES FLEXIBLES'),
('1','CONECTORES FAMAFLEX / SANITARIO','3948','"FAMAFLEX ""POLIACERO"" SANITARIO 1/2"" M LATON X 7/8 AM 40CM"','30','PZAS','7501728139483','40142008','1,88','17,52428291','10','DIV-2 CONECTORES FLEXIBLES'),
('1','CONECTORES FAMAFLEX / SANITARIO','3949','"FAMAFLEX ""POLIACERO"" SANITARIO 1/2"" M LATON X 7/8 AM 55CM"','30','PZAS','7501728139490','40142008','2,122222222','19,78213969','10','DIV-2 CONECTORES FLEXIBLES'),
('1','/ USO GENERAL','','','','','','','','0','',''),
('1','CONECTORES FAMAFLEX /  USOS GENERALES','3960','"FAMAFLEX ""POLIACERO"" USOS GENERALES 5/16  X 5/16  60CM "','16','PZAS.','7501728139605','40142009','3,468888889','32,33499483','11','DIV-2 CONECTORES FLEXIBLES'),
('1','CONECTORES FAMAFLEX /  USOS GENERALES','3961','"FAMAFLEX ""POLIACERO"" USOS GENERALES 5/16  X 5/16  100CM "','16',' PZAS','7501728139612','40142009','4,135555556','38,54927955','11','DIV-2 CONECTORES FLEXIBLES'),
('1','CONECTORES FAMAFLEX /  USOS GENERALES','3962','"FAMAFLEX ""POLIACERO"" USOS GENERALES 5/16  X 5/16  150CM "','12',' PZAS','7501728139629','40142009','5,008888889','46,68999253','11','DIV-2 CONECTORES FLEXIBLES'),
('1','CONECTORES FAMAFLEX /  USOS GENERALES','3963','"FAMAFLEX ""POLIACERO"" USOS GENERALES 5/16  X 5/16  200CM "','10',' PZAS','7501728139636','40142009','5,884444444','54,8514198','11','DIV-2 CONECTORES FLEXIBLES'),
('1','CONECTORES FAMAFLEX /  USOS GENERALES','3964','"FAMAFLEX ""POLIACERO"" USOS GENERALES 5/16  X 5/16  300CM "','6','PZAS','7501728139643','40142009','7,013333333','65,37427525','11','DIV-2 CONECTORES FLEXIBLES'),
('1','CONECTORES FAMAFLEX /  USOS GENERALES','3965','"FAMAFLEX ""POLIACERO"" USOS GENERALES 5/16  X 5/16  400CM "','6','PZAS','7501728139650','40142009','8,426666667','78,54855886','11','DIV-2 CONECTORES FLEXIBLES'),
('1','CONECTORES FAMAFLEX /  USOS GENERALES','3966','"FAMAFLEX ""POLIACERO"" USOS GENERALES 5/16  X 5/16  500CM "','6',' PZAS','7501728139667','40142009','9,866666667','91,97141386','11','DIV-2 CONECTORES FLEXIBLES'),
('1','CONECTORES FAMAFLEX /  USOS GENERALES','3968','"FAMAFLEX ""POLIACERO"" USOS GENERALES 5/16  X 5/16  800CM "','4',' PZAS','7501728139681','40142009','14,97777778','139,6142634','11','DIV-2 CONECTORES FLEXIBLES'),
('1','CONECTORES FAMAFLEX /  USOS GENERALES','3969','"FAMAFLEX ""POLIACERO"" USOS GENERALES 5/16  X 5/16  1000CM "','3','PZAS','7501728139698','40142009','17,67555556','164,7614022','11','DIV-2 CONECTORES FLEXIBLES'),
('1','CONECTORES FAMAFLEX /  USOS GENERALES','3970','"FAMAFLEX ""POLIACERO"" USOS GENERALES 3/8 FALRE X 3/8  60CM "','16',' PZAS','7501728139704','40142009','3,531111111','32,91499473','11','DIV-2 CONECTORES FLEXIBLES'),
('1','CONECTORES FAMAFLEX /  USOS GENERALES','3971','"FAMAFLEX ""POLIACERO"" USOS GENERALES 3/8 FALRE X 3/8  8 100CM"','16',' PZAS','7501728139711','40142009','4,244444444','39,56427938','11','DIV-2 CONECTORES FLEXIBLES'),
('1','CONECTORES FAMAFLEX /  USOS GENERALES','3972','"FAMAFLEX ""POLIACERO"" USOS GENERALES 3/8 FALRE X 3/8  150CM "','12',' PZAS','7501728139728','40142009','5,113333333','47,6635638','11','DIV-2 CONECTORES FLEXIBLES'),
('1','CONECTORES FAMAFLEX /  USOS GENERALES','3973','"FAMAFLEX ""POLIACERO"" USOS GENERALES 3/8 FALRE X 3/8  200CM "','10','PZAS','7501728139735','40142009','6,011111111','56,03213389','11','DIV-2 CONECTORES FLEXIBLES'),
('1','CONECTORES FAMAFLEX /  USOS GENERALES','3974','"FAMAFLEX ""POLIACERO"" USOS GENERALES 3/8 FALRE X 3/8  300CM "','6','PZAS','7501728139742','40142009','7,148888889','66,63784648','11','DIV-2 CONECTORES FLEXIBLES'),
('1','CONECTORES FAMAFLEX /  USOS GENERALES','3975','"FAMAFLEX ""POLIACERO"" USOS GENERALES 3/8 FALRE X 3/8  400CM "','6','PZAS.','7501728139759','40142009','8,555555556','79,74998724','11','DIV-2 CONECTORES FLEXIBLES'),
('1','CONECTORES FAMAFLEX /  USOS GENERALES','3976','"FAMAFLEX ""POLIACERO"" USOS GENERALES 3/8 FALRE X 3/8  500CM "','6','PZAS.','7501728139766','40142009','10,07111111','93,87712784','11','DIV-2 CONECTORES FLEXIBLES'),
('1','CONECTORES FAMAFLEX /  USOS GENERALES','3977','"FAMAFLEX ""POLIACERO"" USOS GENERALES 3/8 FALRE X 3/8  600CM "','4','PZAS','7501728139773','40142009','12,15333333','113,2864104','11','DIV-2 CONECTORES FLEXIBLES'),
('1','CONECTORES FAMAFLEX /  USOS GENERALES','3978','"FAMAFLEX ""POLIACERO"" USOS GENERALES 3/8 FALRE X 3/8  800CM "','4',' PZAS','7501728139780','40142009','15,28666667','142,4935486','11','DIV-2 CONECTORES FLEXIBLES'),
('1','CONECTORES FAMAFLEX /  USOS GENERALES','3979','"FAMAFLEX ""POLIACERO"" USOS GENERALES 3/8 FALRE X 3/8  1000CM "','3','PZAS','7501728139797','40142009','17,92222222','167,0606876','11','DIV-2 CONECTORES FLEXIBLES'),
('1','/ BOILER','','','','','','','','0','',''),
('1','CONECTORES FAMAFLEX / BOILER','3981','"FAMAFLEX ""POLIACERO"" BOILER 3/4 M X 3/4 FIP 60CM "','15',' PZAS','7501728139810','40142008','8,277777778','77,16070194','12','DIV-2 CONECTORES FLEXIBLES'),
('1','CONECTORES FAMAFLEX / BOILER','3982','"FAMAFLEX ""POLIACERO"" BOILER 3/4 M X 3/4 FIP 80CM "','10','PZAS','7501728139827','40142008','9,351111111','87,16570034','12','DIV-2 CONECTORES FLEXIBLES'),
('1','CONECTORES FAMAFLEX / BOILER','3983','"FAMAFLEX ""POLIACERO"" BOILER 3/4 M X 3/4 FIP 120CM "','6','PZAS','7501728139834','40142008','11,21555556','104,5449833','12','DIV-2 CONECTORES FLEXIBLES'),
('1','CONECTORES FAMAFLEX / BOILER','3984','"FAMAFLEX ""POLIACERO"" BOILER 1/2 FIP X 3/4 M 60CM "','15',' PZAS','7501728139841','40142008','8,56','79,7914158','12','DIV-2 CONECTORES FLEXIBLES'),
('1','CONECTORES FAMAFLEX / BOILER','3985','"FAMAFLEX ""POLIACERO"" BOILER 1/2 FIP X 3/4 M 80CM "','10',' PZAS','7501728139858','40142008','9,284444444','86,54427187','12','DIV-2 CONECTORES FLEXIBLES'),
('1','CONECTORES FAMAFLEX / BOILER','3986','"FAMAFLEX ""POLIACERO"" BOILER 1/2 FIP X 3/4 M 120CM "','6',' PAZS','7501728139865','40142008','10,94888889','102,0592694','12','DIV-2 CONECTORES FLEXIBLES'),
('1','CONECTORES FAMAFLEX / BOILER','3990','"FAMAFLEX ""POLIACERO"" BOILER 3/4 FIP X 3/4 FIP 60CM "','15','PZAS','7501728139902','40142008','8,488888889','79,12855877','12','DIV-2 CONECTORES FLEXIBLES'),
('1','CONECTORES FAMAFLEX / BOILER','3991','"FAMAFLEX ""POLIACERO"" BOILER 3/4 FIP X 3/4 FIP 80CM "','10','PZAS','7501728139919','40142008','9,711111111','90,52141409','12','DIV-2 CONECTORES FLEXIBLES'),
('1','CONECTORES FAMAFLEX / BOILER','3992','"FAMAFLEX ""POLIACERO"" BOILER 3/4 FIP X 3/4 FIP 120CM "','6','PZAS','7501728139926','40142008','10,99111111','102,4528408','12','DIV-2 CONECTORES FLEXIBLES'),
('1','CONECTORES FAMAFLEX / BOILER','3993','"FAMAFLEX ""POLIACERO"" BOILER 1/2 FIP X 1/2 FIP 40CM"','15','PZAS','7501728139933','40142008','6,335555556','59,05641912','12','DIV-2 CONECTORES FLEXIBLES'),
('1','CONECTORES FAMAFLEX / BOILER','3994','"FAMAFLEX ""POLIACERO"" BOILER 1/2 FIP X 1/2FIP 60CM"','15',' PZAS','7501728139940','40142008','7,886666667','73,51498824','12','DIV-2 CONECTORES FLEXIBLES'),
('1','CONECTORES FAMAFLEX / BOILER','3995','"FAMAFLEX ""POLIACERO"" BOILER 1/2 FIP X 1/2 FIP 80CM"','10','PZAS','7501728139957','40142008','8,575555556','79,93641578','12','DIV-2 CONECTORES FLEXIBLES'),
('1','CONECTORES FAMAFLEX / BOILER','3996','"FAMAFLEX ""POLIACERO"" BOILER 1/2 FIP X 1/2 FIP 120CM "','6','PZAS','7501728139964','40142008','10,36444444','96,61141311','12','DIV-2 CONECTORES FLEXIBLES'),
('1','CONECTORES FAMAFLEX / BOILER','3997','"FAMAFLEX ""POLIACERO"" BOILER 1/2 FIP X 3/4 FIP 60CM "',' ',' PZAS','7501728139971','40142008','8,057777778','75,10998798','12','DIV-2 CONECTORES FLEXIBLES'),
('1','CONECTORES FAMAFLEX / BOILER','3998','"FAMAFLEX ""POLIACERO"" BOILER 1/2 FIP X 3/4 FIP 80CM "','10',' PZAS','7501728139988','40142008','9,064444444','84,49355791','12','DIV-2 CONECTORES FLEXIBLES'),
('1','CONECTORES FAMAFLEX / BOILER','3999','"FAMAFLEX ""POLIACERO"" BOILER 1/2 FIP X 3/4 FIP 120CM "','6','PZAS','7501728139995','40142008','11,07777778','103,2606978','12','DIV-2 CONECTORES FLEXIBLES'),
('1','/ LAVABO / FREGADERO','','','','','','','','0','',''),
('1','CONECTORES FAMAFLEX / LAVABO  FREGADERO','3514','"JUEGO DE VÁLVULAS Y CONECTORES FLEXIBLES, LAVABO Y FREGADERO 1/2"" AM X 1/2""AM X 40CMS"','50','PZAS','7501728135140','30181701 ','2,373333333','22,1228536','13','DIV-2 CONECTORES FLEXIBLES'),
('1','CONECTORES FAMAFLEX / LAVABO  FREGADERO','3588','"FAMAFLEX ""POLIACETAL"" TEE 1/2"" AM x 1/2"" AM x 55CMS"','10','PZAS','7501728135881','40142008','5,324444444','49,63142063','13','DIV-2 CONECTORES FLEXIBLES'),
('1','CONECTORES FAMAFLEX / LAVABO  FREGADERO','3589','"FAMAFLEX ""POLIACETAL"" TEE 3/8"" COMP x 1/2"" AM x 55CMS"','10','PZAS','7501728135898','40142008','5,993333333','55,86641963','13','DIV-2 CONECTORES FLEXIBLES'),
('1','CONECTORES FAMAFLEX / LAVABO  FREGADERO','3811','"FAMAFLEX ""POLIACETAL"" LAV / FREG 1/2 AM X 1/2 AM 85CM "','30',' PZAS','7501728138110','40142008','2,184444444','20,3621396','13','DIV-2 CONECTORES FLEXIBLES'),
('1','CONECTORES FAMAFLEX / LAVABO  FREGADERO','3812','"FAMAFLEX ""POLIACETAL"" LAV / FREG 1/2 AM X 1/2 AM 100CM"','15',' PZAS','7501728138129','40142008','2,313333333','21,56356798','13','DIV-2 CONECTORES FLEXIBLES'),
('1','CONECTORES FAMAFLEX / LAVABO  FREGADERO','3917','"FAMAFLEX ""POLIACETAL"" LAV / FREG 1/2 FIP  X 1/2 AM 55CM"','30',' PZAS','7501728139179','40142008','0','0','13','DIV-2 CONECTORES FLEXIBLES'),
('1','CONECTORES FAMAFLEX / LAVABO  FREGADERO','3921','"FAMAFLEX ""POLIACETAL"" LAV / FREG 1/2 AM X 1/2 AM 40CM "','30',' PZAS','7501728139216','40142008','1,804444444','16,81999731','13','DIV-2 CONECTORES FLEXIBLES'),
('1','CONECTORES FAMAFLEX / LAVABO  FREGADERO','3922','"FAMAFLEX ""POLIACETAL"" LAV / FREG 1/2 AM X 1/2 AM 55CM "','30',' PZAS','7501728139223','40142008','1,988888889','18,53928275','13','DIV-2 CONECTORES FLEXIBLES'),
('1','CONECTORES FAMAFLEX / LAVABO  FREGADERO','3923','"FAMAFLEX ""POLIACETAL"" LAV / FREG 1/2 AM X 1/2 AM 70CM "','30',' PZAS','7501728139230','40142008','2,26','21,0664252','13','DIV-2 CONECTORES FLEXIBLES'),
('1','CONECTORES FAMAFLEX / LAVABO  FREGADERO','3927','"FAMAFLEX ""POLIACETAL"" LAV / FREG 1/2 FIP  X 1/2 AM 40CM"','30',' PZAS','7501728139278','40142008','2,044444444','19,05713981','13','DIV-2 CONECTORES FLEXIBLES'),
('1','/ LAVABO / FREGADERO','','','','','','','','0','',''),
('1','CONECTORES FAMAFLEX / LAVABO  FREGADERO','3801','"FAMAFLEX ""POLIACETAL"" LAV / FREG 1/2 FIP  X 1/2FIP 40CM "','30',' PZAS','7501728138011','40142008','2,466666667','22,99285346','14','DIV-2 CONECTORES FLEXIBLES'),
('1','CONECTORES FAMAFLEX / LAVABO  FREGADERO','3802','"FAMAFLEX ""POLIACETAL"" LAV / FREG 1/2 FIP  X 1/2FIP 55CM "','30',' PZAS','7501728138028','40142008','2,775555556','25,87213872','14','DIV-2 CONECTORES FLEXIBLES'),
('1','CONECTORES FAMAFLEX / LAVABO  FREGADERO','3803','"FAMAFLEX ""POLIACETAL"" LAV / FREG 1/2 FIP  X 1/2FIP 70CM "','30',' PZAS','7501728138035','40142008','3,144444444','29,3107096','14','DIV-2 CONECTORES FLEXIBLES'),
('1','CONECTORES FAMAFLEX / LAVABO  FREGADERO','3804','"FAMAFLEX ""POLIACETAL"" LAV / FREG 1/2 FIP X 1/2 FIP 100CM"','15',' PZAS','7501728138042','40142008','3,391111111','31,60999494','14','DIV-2 CONECTORES FLEXIBLES'),
('1','CONECTORES FAMAFLEX / LAVABO  FREGADERO','3805','"FAMAFLEX ""POLIACETAL"" LAV / FREG 1/2 FIP X 1/2 FIP 200CM"','10',' PZAS','7501728138059','40142008','4,624444444','43,10642167','14','DIV-2 CONECTORES FLEXIBLES'),
('1','CONECTORES FAMAFLEX / LAVABO  FREGADERO','3914','"FAMAFLEX ""POLIACETAL"" LAV / FREG 3/8 COMP X 1/2 FIP 40CM "','30',' PZAS','7501728139148','40142008','2,502222222','23,32428198','14','DIV-2 CONECTORES FLEXIBLES'),
('1','CONECTORES FAMAFLEX / LAVABO  FREGADERO','3915','"FAMAFLEX ""POLIACETAL"" LAV / FREG 3/8""COMP  COMP X 1/2"" FIP 55CM "','30',' PZAS','7501728139155','40142008','2,811111111','26,20356724','14','DIV-2 CONECTORES FLEXIBLES'),
('1','CONECTORES FAMAFLEX / LAVABO  FREGADERO','3925','"FAMAFLEX ""POLIACETAL"" LAV / FREG 3/8 COMP.  X 1/2 AM 40CM"','30','PZAS','75017281392254','40142008','2,013333333','18,76713985','14','DIV-2 CONECTORES FLEXIBLES'),
('1','CONECTORES FAMAFLEX / LAVABO  FREGADERO','3926','"FAMAFLEX ""POLIACETAL"" LAV / FREG 3/8 COMP.  X 1/2 AM 55CM"','30','PZAS','7501728139261','40142008','2,38','22,18499645','14','DIV-2 CONECTORES FLEXIBLES'),
('1','CONECTORES FAMAFLEX / LAVABO  FREGADERO','3928','"FAMAFLEX ""POLIACETAL"" LAV / FREG 1/2 MA X 1/2 AM 40CM"','30',' PZAS','7501728139285','40142008','1,602222222','14,93499761','14','DIV-2 CONECTORES FLEXIBLES'),
('1','CONECTORES FAMAFLEX / LAVABO  FREGADERO','3929','"FAMAFLEX ""POLIACETAL"" LAV / FREG 1/2 MA X 1/2 AM 55CM"','30',' PZAS','7501728139292','40142008','1,731111111','16,13642599','14','DIV-2 CONECTORES FLEXIBLES'),
('1','CONECTORES FAMAFLEX / LAVABO  FREGADERO','3930','"FAMAFLEX ""POLIACETAL"" LAV / FREG 1/2 MA X 1/2 AM 70CM"','30',' PZAS','7501728139308','40142008','1,864444444','17,37928293','14','DIV-2 CONECTORES FLEXIBLES'),
('1','CONECTORES FAMAFLEX / LAVABO  FREGADERO','3937','"FAMAFLEX ""POLIACETAL"" LAV / FREG 1/2 MA X 1/2 AM 100CM"','15',' PZAS','7501728139377','40142008','2,271111111','21,16999661','14','DIV-2 CONECTORES FLEXIBLES'),
('1','/ SANITARIO','','','','','','','','0','',''),
('1','CONECTORES FAMAFLEX  / SANITARIO','3831','"FAMAFLEX ""POLIACETAL"" SANITARIO 1/2FIP X 7/8 FIP 35CM "','30',' PZAS','7501728138318','40142008','2,693333333','25,10571027','15','DIV-2 CONECTORES FLEXIBLES'),
('1','CONECTORES FAMAFLEX  / SANITARIO','3832','"FAMAFLEX ""POLIACETAL"" SANITARIO 1/2 FIP X 7/8 FIP 55CM "','30',' PZAS','7501728138325','40142008','2,991111111','27,88142411','15','DIV-2 CONECTORES FLEXIBLES'),
('1','CONECTORES FAMAFLEX  / SANITARIO','3835','"FAMAFLEX ""POLIACETAL"" SANITARIO 1/2FIP X 7/8 AM 35CM "','30',' PZAS','7501728138356','40142008','2,306666667','21,50142513','15','DIV-2 CONECTORES FLEXIBLES'),
('1','CONECTORES FAMAFLEX  / SANITARIO','3836','"FAMAFLEX ""POLIACETAL"" SANITARIO 1/2FIP X 7/8 AM 40CM "','30',' PZAS','7501728138363','40142008','2,564444444','23,90428189','15','DIV-2 CONECTORES FLEXIBLES'),
('1','CONECTORES FAMAFLEX  / SANITARIO','3837','"FAMAFLEX ""POLIACETAL"" SANITARIO 7/8 FIP X 7/8 AM 35CM "','30',' PZAS','7501728138370','40142008','2,58','24,04928187','15','DIV-2 CONECTORES FLEXIBLES'),
('1','CONECTORES FAMAFLEX  / SANITARIO','3838','"FAMAFLEX ""POLIACETAL"" SANITARIO 7/8 FIP X 7/8 AM 55CM "','30','PZAS','7501728138387','40142008','0','0','15','DIV-2 CONECTORES FLEXIBLES'),
('1','CONECTORES FAMAFLEX  / SANITARIO','3951','"FAMAFLEX ""POLIACETAL"" SANITARIO 1/2 AM X 7/8 AM 35CM "','30',' PZAS','7501728139513','40142008','1,864444444','17,37928293','15','DIV-2 CONECTORES FLEXIBLES'),
('1','CONECTORES FAMAFLEX  / SANITARIO','3952','"FAMAFLEX ""POLIACETAL"" SANITARIO 1/2 AM X 7/8 AM 55CM "','30',' PZAS','7501728139520','40142008','1,988888889','18,53928275','15','DIV-2 CONECTORES FLEXIBLES'),
('1','CONECTORES FAMAFLEX  / SANITARIO','3953','"FAMAFLEX ""POLIACETAL"" SANITARIO 7/8 AM X 7/8 AM 35CM "','30',' PZAS','7501728139537','40142008','1,655555556','15,43214039','15','DIV-2 CONECTORES FLEXIBLES'),
('1','CONECTORES FAMAFLEX  / SANITARIO','3954','"FAMAFLEX ""POLIACETAL"" SANITARIO 7/8 AM X 7/8 AM 55CM "','30','PZAS','7501728139544','40142008','1,988888889','18,53928275','15','DIV-2 CONECTORES FLEXIBLES'),
('1','CONECTORES FAMAFLEX  / SANITARIO','3955','"FAMAFLEX ""POLIACETAL"" SANITARIO 1/2 FIP X 7/8 AM 55CM "','30','PZAS','7501728139551','40142008','2,44','22,74428208','15','DIV-2 CONECTORES FLEXIBLES'),
('1','/ SANITARIO','','','','','','','','0','',''),
('1','CONECTORES FAMAFLEX  / SANITARIO','3833','"FAMAFLEX ""POLIACETAL"" SANITARIO 7/8 FIP X 7/8 FIP 35CM "','30',' PZAS','7501728138332','40142008','3,108888889','28,97928108','16','DIV-2 CONECTORES FLEXIBLES'),
('1','CONECTORES FAMAFLEX  / SANITARIO','3516','"JUEGO DE VÁLVULAS Y CONECTORES FLEXIBLES, SANITARIO 1/2""AM X 7/8""AM X 35 CMS"','50','PZAS','7501728135164','30181701 ','2,282222222','21,27356802','16','DIV-2 CONECTORES FLEXIBLES'),
('1','CONECTORES FAMAFLEX  / SANITARIO','3956','"FAMAFLEX ""POLIACETAL"" SANITARIO 3/8 COMP. X 7/8 AM 40CM"','30','PZAS','7501728139568','40142008','1,962222222','18,29071136','16','DIV-2 CONECTORES FLEXIBLES'),
('1','CONECTORES FAMAFLEX  / SANITARIO','3957','"FAMAFLEX ""POLIACETAL"" SANITARIO 3/8 COMP. X 7/8 AM 55CM"','30','PZAS','7501728139575','40142008','2,38','22,18499645','16','DIV-2 CONECTORES FLEXIBLES'),
('1','CONECTORES FAMAFLEX  / SANITARIO','3958','"FAMAFLEX ""POLIACETAL"" SANITARIO 1/2 MACHO X 7/8 AM 40CM"','30','PZAS','7501728139582','40142008','1,602222222','14,93499761','16','DIV-2 CONECTORES FLEXIBLES'),
('1','CONECTORES FAMAFLEX  / SANITARIO','3959','"FAMAFLEX ""POLIACETAL"" SANITARIO 1/2 MACHO X 7/8 AM 55CM"','30','PZAS','7501728139599','40142008','1,731111111','16,13642599','16','DIV-2 CONECTORES FLEXIBLES'),
('1','/ LAVABO / FREGADERO','','','','','','','','0','',''),
('1','CONECTORES FAMAFLEX / LAVABO /  FREGADERO','2030','"POLIMAX 1/2"" AM X 1/2"" AM X 45 CM "','50','PZAS','7501728120306','40142008','0,962222222','8,969284279','17','DIV-2 CONECTORES FLEXIBLES'),
('1','CONECTORES FAMAFLEX / LAVABO /  FREGADERO','2032','"POLIMAX 1/2"" AM X 1/2"" AM X 65 CM "','50','PZAS','7501728120320','40142008','1,144444444','10,66785544','17','DIV-2 CONECTORES FLEXIBLES'),
('1','CONECTORES FAMAFLEX / LAVABO /  FREGADERO','2033','"POLIMAX 3/8"" COMP. X 1/2"" AM X 45 CM"','50','PZAS','7501728120337','40142008','1,593333333','14,85214048','17','DIV-2 CONECTORES FLEXIBLES'),
('1','CONECTORES FAMAFLEX / LAVABO /  FREGADERO','2035','"POLIMAX 3/8"" COMP. X 1/2"" AM X 65 CM"','50','PZAS','7501728120351','40142008','1,746666667','16,28142597','17','DIV-2 CONECTORES FLEXIBLES'),
('1','CONECTORES FAMAFLEX / LAVABO /  FREGADERO','2036','"POLIMAX 1/2"" AM X 1/2"" AM X 45 CM  CON VALVULA CONTROL BLANCA "','50','PZAS','7501728120368','30181701 ','2,2','20,50713958','17','DIV-2 CONECTORES FLEXIBLES'),
('1','/ LAVABO / FREGADERO / SANITARIO','','','','','','','','0','',''),
('1','CONECTORES FAMAFLEX  / SANITARIO','2043','"POLIMAX 1/2"" AM X 7/8"" AM X 45 CM  CON VALVULA CONTROL BLANCA "','50','PZAS','7501728120436','30181701 ','2,2','20,50713958','18','DIV-2 CONECTORES FLEXIBLES'),
('1','CONECTORES FAMAFLEX  / SANITARIO','2039','"POLIMAX  7/8"" AM X 7/8"" AM X 45 CM"','50','PZAS','7501728120399','40142008','0,962222222','8,969284279','18','DIV-2 CONECTORES FLEXIBLES'),
('1','CONECTORES FAMAFLEX  / SANITARIO','2038','"POLIMAX 1/2"" AM X 7/8"" AM X 45 CM"','50','PZAS','7501728120382','40142008','0,962222222','8,969284279','18','DIV-2 CONECTORES FLEXIBLES'),
('1','CONECTORES FAMAFLEX  / SANITARIO','2040','"POLIMAX  3/8"" COMP. X 7/8"" AM X 45 CM  "','50','PZAS','7501728120405','40142008','1,593333333','14,85214048','18','DIV-2 CONECTORES FLEXIBLES'),
('1','EXHIBIDORES','','','','','','','','0','',''),
('1','PROMOCIONALES','POP66','EXHIBIDOR CONECTORES FAMAFLEX PREMIUM','1','PZA','S-C','56131600','','0','19','DIV-2 CONECTORES FLEXIBLES'),
('1','PROMOCIONALES','POP67','EXHIBIDOR CONECTORES FAMAFLEX POLIACERO','1','PZA','S-C','56131600','','0','19','DIV-2 CONECTORES FLEXIBLES'),
('1','PROMOCIONALES','POP68','EXHIBIDOR CONECTORES FAMAFLEX POLIACETAL','1','PZA','S-C','56131600','','0','19','DIV-2 CONECTORES FLEXIBLES'),
('1','PROMOCIONALES','POP69','EXHIBIDOR CONECTORES FAMAFLEX POLIMAX','1','PZA','S-C','56131600','','0','19','DIV-2 CONECTORES FLEXIBLES'),
('1','','','','','','','','','0','',''),
('1','POLIDUCTO CORRUGADO SIN GUIA','2090','"POLIDUCTO CORRUGADO CONDUIT SIN GUIA 1/2"" 100MTS "','1','PZA.','7501728120900','','18,31111111','170,685687','7','DIV-3 MANGUERAS/ POLIDUCTOS'),
('1','POLIDUCTO CORRUGADO SIN GUIA','2091','"POLIDUCTO CORRUGADO CONDUIT SIN GUIA 3/4"" 50MTS "','1','PZA.','7501728120917','','18,31111111','170,685687','7','DIV-3 MANGUERAS/ POLIDUCTOS'),
('1','POLIDUCTO CORRUGADO SIN GUIA','2092','"POLIDUCTO CORRUGADO CONDUIT SIN GUIA 1"" 50MTS "','1','PZA.','7501728120924','','46,35555556','432,0999309','7','DIV-3 MANGUERAS/ POLIDUCTOS'),
('1','Mangueras de Jardín','','','','','','','','0','',''),
('1','MANGUERA JARDIN','2501','"MANGUERA JARDIN TRAMADA 5/8"" X 10 MTS.  "','5','PZAS','7501728125011','40142008','0','0','2','DIV-4 MANGUERAS/ FLEXIBLES'),
('1','MANGUERA JARDIN','2502','"MANGUERA JARDIN TRAMADA 5/8"" X 15 MTS.  "','5','PZAS','7501728125028','40142008','0','0','2','DIV-4 MANGUERAS/ FLEXIBLES'),
('1','MANGUERA JARDIN','2503','"MANGUERA JARDIN TRAMADA 5/8"" X 20 MTS.  "','5','PZAS','7501728125035','40142008','0','0','2','DIV-4 MANGUERAS/ FLEXIBLES'),
('1','MANGUERA JARDIN','2504','"MANGUERA JARDIN TRAMADA 5/8"" X 25 MTS.  "','5','PZAS','7501728125042','40142008','0','0','2','DIV-4 MANGUERAS/ FLEXIBLES'),
('1','MANGUERA JARDIN','2505','"MANGUERA JARDIN TRAMADA 5/8"" X 30 MTS.  "','5','PZAS','7501728125059','40142008','0','0','2','DIV-4 MANGUERAS/ FLEXIBLES'),
('1','MANGUERA JARDIN','2610','"MANGUERA JARDIN TRAMADA 1/2"" X 10 MTS. "','5','PZAS','7501728126100','40142008','8,111111111','75,60713076','2','DIV-4 MANGUERAS/ FLEXIBLES'),
('1','MANGUERA JARDIN','2611','"MANGUERA JARDIN TRAMADA 1/2"" X 15 MTS. "','5','PZAS','7501728126117','40142008','10','93,2142708','2','DIV-4 MANGUERAS/ FLEXIBLES'),
('1','MANGUERA JARDIN','2612','"MANGUERA JARDIN TRAMADA 1/2"" X 20 MTS."','5','PZAS','7501728126124','40142008','11,86666667','110,614268','2','DIV-4 MANGUERAS/ FLEXIBLES'),
('1','MANGUERA JARDIN','2613','"MANGUERA JARDIN TRAMADA 1/2"" X 25 MTS."','5','PZAS','7501728126131','40142008','13,97777778','130,2928363','2','DIV-4 MANGUERAS/ FLEXIBLES'),
('1','MANGUERA JARDIN','2614','"MANGUERA JARDIN TRAMADA 1/2"" X 30 MTS."','5','PZAS','7501728126148','40142008','15,64444444','145,8285481','2','DIV-4 MANGUERAS/ FLEXIBLES'),
('1','POLIDUCTO / BICAPA ESTÁNDAR','2617','"MANGUERA JARDIN TRAMADA 1/2"" X 100 MTS.  "','1','PZA','7501728126179','40142008','34,62222222','322,7285198','2','DIV-4 MANGUERAS/ FLEXIBLES'),
('1','POLIDUCTO / BICAPA ESTÁNDAR','2618','"MANGUERA JARDIN TRAMADA 5/8"" X 100 MTS.  "','1','PZA','7501728126186','40142008','64,33333333','599,6784755','2','DIV-4 MANGUERAS/ FLEXIBLES'),
('1','POLIDUCTO / BICAPA ESTÁNDAR','2619','"MANGUERA JARDIN TRAMADA 3/4"" X 100 MTS.  "','1','PZA','7501728126193','40142008','105,2888889','981,4427001','2','DIV-4 MANGUERAS/ FLEXIBLES'),
('1','POLIDUCTO / BICAPA ESTÁNDAR','2620','"MANGUERA JARDIN TRAMADA 1"" X 100 MTS.  "','1','PZA','7501728126209','40142008','174,1111111','1622,964026','2','DIV-4 MANGUERAS/ FLEXIBLES'),
('1','POLIDUCTO / BICAPA ESTÁNDAR','2650','"MANGUERA JARDIN TRAMADA CON REFUERZO AMARILLO 1/2"" X 100 MTS.  "','1','PZA','7501728126506','40142008','51,06666667','476,0142096','2','DIV-4 MANGUERAS/ FLEXIBLES'),
('1','Mangueras de Jardín','','','','','','','','0','',''),
('1','POLIDUCTO / BICAPA ESTÁNDAR','2621','"MANGUERA TRAMADA TRANSPARENTE PARA GAS 1/4"" X 100 MTS. "','1','PZA','7501728126216','40142007','49,08888889','457,5784982','3','DIV-4 MANGUERAS/ FLEXIBLES'),
('1','POLIDUCTO / BICAPA ESTÁNDAR','2622','"MANGUERA TRAMADA TRANSPARENTE PARA GAS 5/16"" X 100 MTS. "','1','PZA','7501728126223','40142007','54,95555556','512,2642038','3','DIV-4 MANGUERAS/ FLEXIBLES'),
('1','POLIDUCTO / BICAPA ESTÁNDAR','2623','"MANGUERA TRAMADA TRANSPARENTE PARA GAS 3/8"" X 100 MTS. "','1','PZA','7501728126230','40142007','63,44444444','591,3927625','3','DIV-4 MANGUERAS/ FLEXIBLES'),
('1','POLIDUCTO / BICAPA ESTÁNDAR','2624','"MANGUERA TRAMADA TRANSPARENTE PARA GAS 1/2"" X 100 MTS. "','1','PZA','7501728126247','40142007','98,35555556','916,814139','3','DIV-4 MANGUERAS/ FLEXIBLES'),
('1','POLIDUCTO / BICAPA ESTÁNDAR','2628','"MANGUERA TRAMADA AMARILLA PARA GAS 3/8"" X 100 MTS. "','1','PZA','7501728126285','40142009','57,97777778','540,4356278','3','DIV-4 MANGUERAS/ FLEXIBLES'),
('1','POLIDUCTO / BICAPA ESTÁNDAR','2630','"MANGUERA TRANSPARENTE  ""INDUSTRIAL"" 3/4"" X 100 MTS."','1','PZA','7501728126308','40142000','13,82222222','128,8428365','3','DIV-4 MANGUERAS/ FLEXIBLES'),
('1','POLIDUCTO / BICAPA ESTÁNDAR','2631','"MANGUERA TRANSPARENTE  ""INDUSTRIAL"" 1/4"" X 100 MTS. "','1','PZA','7501728126315','40142000','19,26666667','179,5928284','3','DIV-4 MANGUERAS/ FLEXIBLES'),
('1','POLIDUCTO / BICAPA ESTÁNDAR','2632','"MANGUERA TRANSPARENTE  ""INDUSTRIAL"" 5/16"" X 100 MTS. "','1','PZA','7501728126322','40142000','26,02222222','242,5642469','3','DIV-4 MANGUERAS/ FLEXIBLES'),
('1','POLIDUCTO / BICAPA ESTÁNDAR','2633','"MANGUERA TRANSPARENTE  ""INDUSTRIAL"" 3/8"" X 100 MTS. "','1','PZA','7501728126339','40142000','35,86666667','334,3285179','3','DIV-4 MANGUERAS/ FLEXIBLES'),
('1','POLIDUCTO / BICAPA ESTÁNDAR','2634','"MANGUERA TRANSPARENTE  ""INDUSTRIAL"" 1/2"" X 100 MTS. "','1','PZA','7501728126346','40142000','51,4','479,1213519','3','DIV-4 MANGUERAS/ FLEXIBLES'),
('1','POLIDUCTO / BICAPA ESTÁNDAR','2635','"MANGUERA TRANSPARENTE  ""INDUSTRIAL"" 5/8"" X 100 MTS."','1','PZA','7501728126353','40142000','72,44444444','675,2856062','3','DIV-4 MANGUERAS/ FLEXIBLES'),
('1','POLIDUCTO / BICAPA ESTÁNDAR','2636','"MANGUERA TRANSPARENTE  ""INDUSTRIAL"" 3/4"" X 100 MTS."','1','PZA','7501728126360','40142000','104,2','971,2927017','3','DIV-4 MANGUERAS/ FLEXIBLES'),
('1','POLIDUCTO / BICAPA ESTÁNDAR','2637','"MANGUERA TRANSPARENTE  ""INDUSTRIAL""  1"" X 100 MTS."','1','PZA','7501728126377','40142000','175,7777778','1638,499738','3','DIV-4 MANGUERAS/ FLEXIBLES'),
('1','POLIDUCTO / BICAPA ESTÁNDAR','2638','"MANGUERA TRANSPARENTE  ""INDUSTRIAL""  1 1/4"" X 50 MTS."','1','PZA','7501728126384','40142000','150,9777778','1407,328346','3','DIV-4 MANGUERAS/ FLEXIBLES'),
('1','POLIDUCTO / BICAPA ESTÁNDAR','2639','"MANGUERA TRANSPARENTE  ""INDUSTRIAL""  1 1/2"" X 50 MTS."','1','PZA','7501728126391','40142000','181,1777778','1688,835444','3','DIV-4 MANGUERAS/ FLEXIBLES'),
('1','POLIDUCTO / BICAPA ESTÁNDAR','2640','"MANGUERA TRANSPARENTE  ""INDUSTRIAL""  2"" X 50 MTS. "','1','PZA','7501728126407','40142000','301,9555556','2814,656693','3','DIV-4 MANGUERAS/ FLEXIBLES'),
('1','POLIDUCTO / BICAPA ESTÁNDAR','2641','"MANGUERA TRANSPARENTE  ""PARA NIVEL"" 1/4"" X 100 MTS. "','1','PZA','7501728126414','40142000','13,4','124,9071229','3','DIV-4 MANGUERAS/ FLEXIBLES'),
('1','POLIDUCTO / BICAPA ESTÁNDAR','2642','"MANGUERA TRANSPARENTE  ""PARA NIVEL"" 5/16"" X 100 MTS. "','1','PZA','7501728126421','40142000','20,06666667','187,0499701','3','DIV-4 MANGUERAS/ FLEXIBLES'),
('1','POLIDUCTO / BICAPA ESTÁNDAR','2643','"MANGUERA TRANSPARENTE  ""PARA NIVEL"" 3/8"" X 100 MTS. "','1','PZA','7501728126438','40142000','27,31111111','254,5785307','3','DIV-4 MANGUERAS/ FLEXIBLES'),
('1','POLIDUCTO / BICAPA ESTÁNDAR','2644','"MANGUERA TRANSPARENTE  ""PARA NIVEL"" 1/2"" X 100 MTS. "','1','PZA','7501728126445','40142000','37,42222222','348,8285156','3','DIV-4 MANGUERAS/ FLEXIBLES'),
('1','POLIDUCTO / BICAPA ESTÁNDAR','2720','"MANGUERA TRAMADA PARA AIRE 1/4"" X 100 MTS.  "','1','PZA','7501728127206','40142002','41,33333333','385,2856526','3','DIV-4 MANGUERAS/ FLEXIBLES'),
('1','POLIDUCTO / BICAPA ESTÁNDAR','2721','"MANGUERA TRAMADA PARA AIRE 3/8"" X 100 MTS.  "','1','PZA','7501728127213','40142002','50,68888889','472,4927815','3','DIV-4 MANGUERAS/ FLEXIBLES'),
('1','POLIDUCTO','2307','EMPAQUE PARA MANGUERA DE JARDIN','120','BOLSITAS con 12 arañas','7501728123079','40141734','0,611111111','5,69642766','3','DIV-6 MANGUERAS JARDÍN'),
('1','','','','','','','','','0','',''),
('1','CHECK ANTI-ROEDORES  PVC','3135','"CHECK ANTI-ROEDORES  PVC 6"" 160mm NACIONAL"','1','PZA.','7501728131357','40141758','117,4444444','1094,749825','2','DIV-5 COLADERAS Y ACC DRENAJE'),
('1','CHECK ANTI-ROEDORES  PVC','3136','"CHECK ANTI-ROEDORES  PVC 6"" 169mm FRONTERAS Y EXPORTACION"','1','PZA.','7501728131364','40141758','117,3777778','1094,128396','2','DIV-5 COLADERAS Y ACC DRENAJE'),
('1','CHECK ANTI-ROEDORES  PVC','3138','"CHECK ANTI-ROEDORES  PVC 4"" 114.5 mm FRONTERAS Y EXPORTACION   "','1','PZA.','7501728131388','40141758','74,22222222','691,8570322','2','DIV-5 COLADERAS Y ACC DRENAJE'),
('1','CHECK ANTI-ROEDORES  PVC','3139','"CHECK ANTI-ROEDORES  PVC 4"" 110 mm NACIONAL"','1','PZA.','7501728131395','40141758','74,22222222','691,8570322','2','DIV-5 COLADERAS Y ACC DRENAJE'),
('1','','','','','','','','','0','',''),
('1','COLADERAS','9688','COLADERA REDONDA CROMADA #4 ','50','PZAS','7501728196882','40141759','2,866666667','26,7214243','3','DIV-5 COLADERAS Y ACC DRENAJE'),
('1','COLADERAS','9690','REPUESTO CROMADO P/COLADERAS #4','40','PZAS','7501728196905','40141759','0','0','3','DIV-5 COLADERAS Y ACC DRENAJE'),
('1','COLADERAS','9685','COLADERA REDONDA  BLANCA #4 ','50',' PZAS','7501728196851','40141759','1,955555556','18,22856851','3','DIV-5 COLADERAS Y ACC DRENAJE'),
('1','','','','','','','','','0','',''),
('1','COLADERAS','9680','"REPUESTO PARA COLADERA INOXIDABLE REDONDO 4"""','40','PZAS','7501728196806','40141759','0','0','4','DIV-5 COLADERAS Y ACC DRENAJE'),
('1','COLADERAS','9683','REPUESTO PARA COLADERA REDONDA INOXIDABLE #2','50','PZAS','7501728196837','40141759','0','0','4','DIV-5 COLADERAS Y ACC DRENAJE'),
('1','COLADERAS','9686','COLADERA REDONDA  INOXIDABLE  #2 ','100','PZAS','7501728196868','40141759','3,311111111','30,86428078','4','DIV-5 COLADERAS Y ACC DRENAJE'),
('1','COLADERAS','9687','COLADERA REDONDA  INOXIDABLE  #4  ','50','PZAS','7501728196875','40141759','4,8','44,74284998','4','DIV-5 COLADERAS Y ACC DRENAJE'),
('1','','','','','','','','','0','',''),
('1','COLADERAS','9664','COLADERA CUADRADA BLANCA #4 DE ABS EN CAJITA','50','PZA.','7501728196646','','0','0','5','DIV-5 COLADERAS Y ACC DRENAJE'),
('1','COLADERAS','9662','COLADERA CUADRADA BLANCA #2 DE ABS EN CAJITA','50','PZA.','7501728196622','','0','0','5','DIV-5 COLADERAS Y ACC DRENAJE'),
('1','','','','','','','','','0','',''),
('1','COLADERAS','9681','COLADERA REDONDA  BLANCA #2','30',' PZAS','7501728196813','40141759','1,288888889','12,01428379','6','DIV-5 COLADERAS Y ACC DRENAJE'),
('1','COLADERAS','9684','COLADERA CUADRADA BLANCA #2 ','40',' PZAS','7501728196844','40141759','1,355555556','12,63571226','5','DIV-5 COLADERAS Y ACC DRENAJE'),
('1','COLADERAS / ATRAPACABELLOS','2372','"ATRAPACABELLOS 2"" FLEXIBLES BOLSA CON 2 PZS."','50','PZAS','7501728123727','40141739','0','0','6','DIV-5 COLADERAS Y ACC DRENAJE'),
('1','COLADERAS / ATRAPACABELLOS','2374','"ATRAPACABELLOS 4"" FLEXIBLES"','50',' PZAS','7501728123741','40141739','0,455555556','4,246427892','6','DIV-5 COLADERAS Y ACC DRENAJE'),
('1','COLADERAS / ATRAPACABELLOS','2375','"ATRAPACABELLOS DE 4"" Y 2"" FLEXIBLES"','50','PZAS','7501728123758','40141739','0','0','6','DIV-5 COLADERAS Y ACC DRENAJE'),
('1','COLADERAS / JUEGO TAPA','2383','JUEGO TAPA COLADERA Y ATRAPA CABELLOS #4','25',' PZAS','7501728123833','40141739','0','0','6','DIV-5 COLADERAS Y ACC DRENAJE'),
('1','COLADERAS / TAPA PARA COLADERA','2384','TAPA  PARA COLADERAS #4','50',' PZAS','7501728123841','40141739','1,255555556','11,70356956','6','DIV-5 COLADERAS Y ACC DRENAJE'),
('1','COLADERAS / TAPA PARA COLADERA','2388','TAPA PARA COLADERA #8','50','PZAS','7501728123888','40141739','0','0','6','DIV-5 COLADERAS Y ACC DRENAJE'),
('1','','','','','','','','','0','',''),
('1','COLADERAS / RESUMIDERO CUADRADO','9682','COLADERA CUADRADA NEGRA #4','50','PZAS','7501728196820','40141759','1,977777778','18,43571134','7','DIV-5 COLADERAS Y ACC DRENAJE'),
('1','FERRETERIA / 1 de Junio 2018','','','','','','','','0','',''),
('1','FERRETERÍA /  TAQUETES','9491','"CAJITA CON 100 TAQUETES AVIERTO 1/4"""','50','PZAS','7501728194918','31161608','2,444444444','22,78571064','2','DIV-6 FERRETERÍA'),
('1','FERRETERÍA /  TAQUETES','9492','"CAJITA CON   75 TAQUETES AVIERTO 5/16"""','50','PZA.','7501728194925','31161608','3,088888889','28,79285254','2','DIV-6 FERRETERÍA'),
('1','FERRETERÍA /  TAQUETES','9493','"CAJITA CON   50 TAQUETES AVIERTO 3/8"""','50','PZA.','7501728194932','31161608','2,622222222','24,44285323','2','DIV-6 FERRETERÍA'),
('1','FERRETERÍA /  TAQUETES','9495','BLISTER C/ 10 TAQUETE 1/4  Y TORNILLO','25',' PZAS','7501728194956','31161608','1,311111111','12,22142662','2','DIV-6 FERRETERÍA'),
('1','FERRETERÍA /  TAQUETES','9496','BLISTER C/ 6  TAQUETE 5/16 Y TORNILLO','25','PZAS','7501728194963','31161608','1,311111111','12,22142662','2','DIV-6 FERRETERÍA'),
('1','FERRETERÍA /  TAQUETES','9497','BLISTER C/5   TAQUETE 3/8  Y TORNILLO','25','PZAS','7501728194970','31161608','1,311111111','12,22142662','2','DIV-6 FERRETERÍA'),
('1','FERRETERÍA /  TAQUETES','9531','BLISTER CON  20 TAQUETE 1/4','25',' PZAS','7501728195311','31161608','1,044444444','9,735712728','2','DIV-6 FERRETERÍA'),
('1','FERRETERÍA /  TAQUETES','9532','BLISTER CON  12 TAQUETE 5/16','25','PZAS','7501728195328','31161608','1,044444444','9,735712728','2','DIV-6 FERRETERÍA'),
('1','FERRETERÍA /  TAQUETES','9533','BLISTER CON  8 TAQUETE 3/8','25','PZAS','7501728195335','31161608','1,044444444','9,735712728','2','DIV-6 FERRETERÍA'),
('1','0','','','','','','','','0','',''),
('1','FERRETERÍA /  REGATONES','2250','"REGATON CUADRADO 1/2"""','80',' PZAS','7501728122508','56101903','0,233333333','2,174999652','3','DIV-6 FERRETERÍA'),
('1','FERRETERÍA /  REGATONES','2251','"REGATON CUADRADO 3/4"""','70',' PZAS','7501728122515','56101903','0,253333333','2,361428194','3','DIV-6 FERRETERÍA'),
('1','FERRETERÍA /  REGATONES','2252','"REGATON CUADRADO 1"""','60','PZAS','7501728122522','56101903','0,311111111','2,899999536','3','DIV-6 FERRETERÍA'),
('1','FERRETERÍA /  REGATONES','2253','"REGATON CUADRADO 1 1/4"""','40',' PZAS','7501728122539','56101903','0,331111111','3,086428078','3','DIV-6 FERRETERÍA'),
('1','FERRETERÍA /  REGATONES','2254','"REGATON CUADRADO 1 1/2"""""','30',' PZAS','7501728122546','56101903','0,351111111','3,272856619','3','DIV-6 FERRETERÍA'),
('1','FERRETERÍA /  REGATONES','2255','"REGATON CUADRADO 2"""','20',' PZAS','7501728122553','56101903','0,388888889','3,62499942','3','DIV-6 FERRETERÍA'),
('1','FERRETERÍA /  REGATONES','2290','"REGATON REDONDO 1/2"""','110',' PZAS','7501728122904','56101903','0,233333333','2,174999652','3','DIV-6 FERRETERÍA'),
('1','FERRETERÍA /  REGATONES','2291','"REGATON REDONDO 5/8"""','100',' PZAS','7501728122911','56101903','0,253333333','2,361428194','3','DIV-6 FERRETERÍA'),
('1','FERRETERÍA /  REGATONES','2292','"REGATON REDONDO 3/4"""','60',' PZAS','7501728122928','56101903','0,273333333','2,547856735','3','DIV-6 FERRETERÍA'),
('1','FERRETERÍA /  REGATONES','2293','"REGATON REDONDO 7/8"""','50','PZAS','7501728122935','56101903','0,291111111','2,713570994','3','DIV-6 FERRETERÍA'),
('1','FERRETERÍA /  REGATONES','2294','"REGATON REDONDO 1"""','40',' PZAS','7501728122942','56101903','0,311111111','2,899999536','3','DIV-6 FERRETERÍA'),
('1','FERRETERÍA /  REGATONES','2295','"REGATON REDONDO 1 1/4"""','30',' PZAS','7501728122959','56101903','0,331111111','3,086428078','3','DIV-6 FERRETERÍA'),
('1','FERRETERÍA /  REGATONES','2296','"REGATON REDONDO 1 1/2"""','20',' PZAS','7501728122966','56101903','0,351111111','3,272856619','3','DIV-6 FERRETERÍA'),
('1','FERRETERÍA /  REGATONES','2297','"TAPON LAVABO 1 1/4"""','90','PZAS','7501728122973','40141739','0,368888889','3,438570878','3','DIV-6 FERRETERÍA'),
('1','FERRETERÍA /  REGATONES','2298','"TAPON FREGADERO 1 1/2"""','80','PZAS','7501728122980','40141739','0,408888889','3,811427962','3','DIV-6 FERRETERÍA'),
('1','FERRETERÍA /  REGATONES','2299','TOPE DE PUERTA','40',' PZAS','7501728122997','31162804','0,486666667','4,536427846','3','DIV-6 FERRETERÍA'),
('1','FERRETERÍA /  REGATONES','2300','TOPE DE PUERTA PIE','40',' PZAS','7501728123000','31162804','0','0','3','DIV-6 FERRETERÍA'),
('1','FERRETERÍA /  REGATONES','POP49','EXHIBIDOR REGATONES','1','PZAS','S-C','56131600','0','0','3','DIV-6 FERRETERÍA'),
('1','Trampa para Ratas y Ratones','','','','','','','','0','',''),
('1','FERRETERÍA / TRAMPA PARA RATONES','2760','RATONERA RAT TRAPS EN BLISTER','12',' PZAS','7501728127602','10191706','2,953333333','27,52928131','4','DIV-6 FERRETERÍA'),
('1','Dispensadores de Agua / Aqua Push / Aqua Refri','','','','','','','','0','',''),
('1','POLIDUCTO / AQUA PUSH','2900','AQUA PUSH  SUCCIONADOR DE GARRAFÓN','25','PZAS','7501728129002','','6,977777778','65,04284674','5','DIV-6 FERRETERÍA'),
('1','POLIDUCTO / AQUA REFRI','2902','AQUA REFRI DE  5 LTS.','6',' PZAS','7501728129026','','12,53333333','116,8285527','5','DIV-6 FERRETERÍA'),
('1','POLIDUCTO / DISPENSADORES DE AGUA','2910','"LLAVE HEMBRA 3/8"" PALANCA AZUL"','25',' PZAS','7501728129101','48101711','4,666666667','43,49999304','5','DIV-6 FERRETERÍA'),
('1','POLIDUCTO / DISPENSADORES DE AGUA','2911','"LLAVE HEMBRA 3/8"" PALANCA ROJA"','25','PZAS','7501728129118','48101711','4,666666667','43,49999304','5','DIV-6 FERRETERÍA'),
('1','POLIDUCTO / DISPENSADORES DE AGUA','2912','"LLAVE MACHO 3/4""  PALANCA BLANCA"','25',' PZAS','7501728129125','48101711','4,666666667','43,49999304','5','DIV-6 FERRETERÍA'),
('1','POLIDUCTO / DISPENSADORES DE AGUA','2913','"LLAVE MACHO 3/4""  PALANCA BLANCA"','25','PZAS','7501728129132','48101711','4,666666667','43,49999304','5','DIV-6 FERRETERÍA'),
('1','POLIDUCTO / DISPENSADORES DE AGUA','2914','"LLAVE MACHO 5/8""  PALANCA BLANCA"','25','PZAS','7501728129149','48101711','4,666666667','43,49999304','5','DIV-6 FERRETERÍA'),
('1','POLIDUCTO / DISPENSADORES DE AGUA','2915','"LLAVE MACHO 5/8"" PALANCA AZUL"','25',' PZAS','7501728129156','48101711','4,666666667','43,49999304','5','DIV-6 FERRETERÍA'),
('1','POLIDUCTO / DISPENSADORES DE AGUA','2916','"LLAVE MACHO 5/8"" PALANCA ROJA"','25',' PZAS','7501728129163','48101711','4,666666667','43,49999304','5','DIV-6 FERRETERÍA'),
('1','POLIDUCTO / DISPENSADORES DE AGUA','2920','"LLAVE MACHO 5/8"" PALANCA ROJA"','20',' PZAS','7501728129200','48101711','6,422222222','59,86427614','5','DIV-6 FERRETERÍA'),
('1','Separadores de Piso / Llave Antichispa','','','','','','','','0','',''),
('1','FERRETERÍA / SEPARADOR DE PISO','2390','"SEPARADOR  DE  PISOS  # 1  3/16""  BOLSA  CON  100"','60','BOLSAS','7501728123901','31161816','2,028888889','18,91213983','6','DIV-6 FERRETERÍA'),
('1','FERRETERÍA / SEPARADOR DE PISO','2391','"SEPARADOR  DE  PISOS  # 2  1/4""  BOLSA CON 100"','60','BOLSAS','7501728123918','31161816','2,028888889','18,91213983','6','DIV-6 FERRETERÍA'),
('1','FERRETERÍA / SEPARADOR DE PISO','2392','"SEPARADOR  DE  PISOS  # 3   5/16""  BOLSA  CON  80"','60',' BOLSAS','7501728123925','31161816','2,028888889','18,91213983','6','DIV-6 FERRETERÍA'),
('1','FERRETERÍA / SEPARADOR DE PISO','2393','"SEPARADOR  DE  PISOS  # 4   3/8""  BOLSA CON  60"','60',' BOLSAS','7501728123932','31161816','2,028888889','18,91213983','6','DIV-6 FERRETERÍA'),
('1','FERRETERÍA / SEPARADOR DE PISO','2394','"SEPARADOR  DE  PISOS  # 5   1/2""  BOLSA  CON  40"','60',' BOLSAS','7501728123949','31161816','2,028888889','18,91213983','6','DIV-6 FERRETERÍA'),
('1','FERRETERÍA / SEPARADOR DE PISO','2396','"SEPARADOR  DE  PISOS  # 6  1/8""  BOLSA   CON  120"','60','BOLSAS','7501728123963','31161816','2,028888889','18,91213983','6','DIV-6 FERRETERÍA'),
('1','FERRETERÍA / SEPARADOR DE PISO','2397','"SEPARADOR  DE  PISOS  #0   1/16"" BOLSA CON 150"','60','BOLSAS','7501728123970','31161816','0','0','6','DIV-6 FERRETERÍA'),
('1','FERRETERÍA  / LLAVE ANTICHISPA','9365','LLAVE ANTICHISPA PARA DOSIFICAR TAMBOS DE 200 LTS.','1','PZA','7501728193652','48101711','59,33333333','553,0713401','6','DIV-6 FERRETERÍA'),
('1','Perico de Bronce antichispa para Tambos','','','','','','','','0','',''),
('1','FERRETERÍA  / PERICO DE BRONCE','9361','PERICO DE BRONCE ANTICHISPA PARA TAMBOS','1','PZA','7501728193614','','66,55555556','620,3927579','7','DIV-6 FERRETERÍA'),
('1','                      Flotador para Tinaco','','','','','','','','0','',''),
('1','FERRETERÍA / FLOTADORES / TINACO','9826','FLOTADOR ETERNABOLLA REFORZADO #6 VARILLA TROPICALIZADA','15',' PZAS','7501728198268','','2,860666667','26,66549573','2','DIV-7 / TINACOS / LAVANDERÍA '),
('1','FERRETERÍA / FLOTADORES / TINACO','9836','FLOTADOR ETERNABOLLA REFORZADO #6 VARILLA COBRE O LATÓN','15',' PZAS','7501728198367','','4,879111111','45,48027844','2','DIV-7 / TINACOS / LAVANDERÍA '),
('1','                      Flotador para Tinaco','','','','','','','','0','',''),
('1','FERRETERÍA / FLOTADORES / TINACO','2944','ETERNABOLLA  #4 CON VARILLA TROPICALIZADA','24','PZAS','7501728129446','','1,76','16,40571166','3','DIV-7 / TINACOS / LAVANDERÍA '),
('1','FERRETERÍA / FLOTADORES / TINACO','2945','ETERNABOLLA #5 CON VARILLA TROPICALIZADA','24','PZAS','7501728129453','','2,186666667','20,38285388','3','DIV-7 / TINACOS / LAVANDERÍA '),
('1','FERRETERÍA / FLOTADORES / TINACO','2946','ETERNABOLLA #6 CON VARILLA TROPICALIZADA','24','PZAS','7501728129460','','2,933333333','27,34285277','3','DIV-7 / TINACOS / LAVANDERÍA '),
('1','FERRETERÍA / FLOTADORES / TINACO','2948','"ETERNABOLLA #8 VARILLA 5/16"" X 11""  TROPICALIZADA "','8','PZAS','7501728129484','','6,422222222','59,86427614','3','DIV-7 / TINACOS / LAVANDERÍA '),
('1','FERRETERÍA / FLOTADORES / TINACO','2954','ETERNABOLLA #4 CON VARILLA DE COBRE O LATON','24',' PZAS','7501728129545','','2,711111111','25,27142453','3','DIV-7 / TINACOS / LAVANDERÍA '),
('1','FERRETERÍA / FLOTADORES / TINACO','2955','ETERNABOLLA #5 CON VARILLA DE COBRE O LATON','24',' PZAS','7501728129552','','3,228888889','30,09785233','3','DIV-7 / TINACOS / LAVANDERÍA '),
('1','FERRETERÍA / FLOTADORES / TINACO','2956','ETERNABOLLA #6 CON VARILLA DE COBRE O LATÓN','24','PZAS','7501728129569','','4,215555556','39,29499371','3','DIV-7 / TINACOS / LAVANDERÍA '),
('1','FERRETERÍA / VARILLAS / TINACO','9616','"VARILLA TROPICALIZADA 1/4 X 6 1/2"" P/FLOTADOR WC."','200',' PZAS','7501728196165','31161500','0,28','2,609999582','3','DIV-7 / TINACOS / LAVANDERÍA '),
('1','FERRETERÍA / VARILLAS / TINACO','9717','"VARILLA TROPICALIZADA 1/4 X 7"" PARA FLOTADOR WC"','200',' PZAS GRANEL','7501728197179','31161500','0,294','2,740499562','3','DIV-7 / TINACOS / LAVANDERÍA '),
('1','FERRETERÍA / VARILLAS / TINACO','9718','VARILLA DE COBRE O LATON 1/4 X 7 P/FLOTADOR WC.','200',' PZAS','7501728197186','31161500','1,288888889','12,01428379','3','DIV-7 / TINACOS / LAVANDERÍA '),
('1','FERRETERÍA / VARILLAS / TINACO','9719','"VARILLA TROPICALIZADA 1/4"" X 5 1/2""  P/FLOTADOR W.C."','200',' PZAS','7501728197193','31161500','0,263777778','2,458785321','3','DIV-7 / TINACOS / LAVANDERÍA '),
('1','FERRETERÍA / VARILLAS / TINACO','9720','"VARILLA DE ALUMINIO ALODIZADO 1/4"" X 7"""','200',' PZAS','7501728197209','31161500','0,396666667','3,697499408','3','DIV-7 / TINACOS / LAVANDERÍA '),
('1','                      Válvula para Tinaco','','','','','','','','0','',''),
('1','FERRETERÍA / VÁLVULAS / TINACO','3040','"VALVULA PARA TINACO 1/2"""','25','PZAS','7501728130404','24111800','3,275555556','30,53285226','4','DIV-7 / TINACOS / LAVANDERÍA '),
('1','FERRETERÍA / VÁLVULAS / TINACO','3041','"VALVULA PARA TINACO 3/4"""','25',' PZAS','7501728130411','24111800','3,324444444','30,98856647','4','DIV-7 / TINACOS / LAVANDERÍA '),
('1','FERRETERÍA / VÁLVULAS / TINACO','3046','FLOTADOR ETERNABOLLA REFORZADO #6 VARILLA TROPICALIZADA','22',' PZAS','7501728130466','','6,217777778','57,95856216','4','DIV-7 / TINACOS / LAVANDERÍA '),
('1','FERRETERÍA / VÁLVULAS / TINACO','3048','FLOTADOR ETERNABOLLA REFORZADO #6 VARILLA COBRE O LATÓN','8',' PZAS','7501728130480','','9,333333333','86,99998608','4','DIV-7 / TINACOS / LAVANDERÍA '),
('1','  Accesorios / Otros','','','','','','','','0','',''),
('1','FERRETERÍA / VÁLVULAS / TINACO','4000','"BRIDA CON CONTRATUERCA ROSCA  1 1/2"" P/TINACO"','10',' PZAS','7501728140007','27131600','2,666666667','24,85713888','5','DIV-7 / TINACOS / LAVANDERÍA '),
('1','FERRETERÍA / VÁLVULAS / TINACO','4001','REPUESTO MALLA INOXIDABLE PARA FILTRO','10',' PZAS','7501728140014','47101551','5,955555556','55,51427683','5','DIV-7 / TINACOS / LAVANDERÍA '),
('1','FERRETERÍA / VÁLVULAS / TINACO','4002','REPUESTO MALLA DE NYLON PARA FILTRO','10',' PZAS','7501728140021','47101551','4,533333333','42,2571361','5','DIV-7 / TINACOS / LAVANDERÍA '),
('1','FERRETERÍA / VÁLVULAS / TINACO','4003','"JARRO O ENTRADA DE AIRE ROSCA 1/2"" CON CONTRATUERCA"','10','PZAS','7501728140038','27131600','2,088888889','19,47142546','5','DIV-7 / TINACOS / LAVANDERÍA '),
('1','FERRETERÍA / MULTICONECTOR','4004','"MULTICONECTOR CON VALVULA  1 1/2"" X 1"""','5',' PZAS','7501728140045','27112800','6','55,92856248','5','DIV-7 / TINACOS / LAVANDERÍA '),
('1','FERRETERÍA / VÁLVULAS / TINACO','4005','"MULTICONECTOR SIMPLE  1 1/2"" X 1"""','5','PZAS','7501728140052','27112800','2,4','22,37142499','5','DIV-7 / TINACOS / LAVANDERÍA '),
('1','FERRETERÍA / VÁLVULAS / TINACO','4006','"MULTICONECTOR SIMPLE  1 1/2"" X 3/4"""','5',' PZAS','7501728140069','27112800','2,4','22,37142499','5','DIV-7 / TINACOS / LAVANDERÍA '),
('1','FERRETERÍA / VÁLVULAS / TINACO','4011','"FILTRO GRANDE MALLA INOXIDABLE ROSCA 3/4"""','1',' PZA','7501728140113','47101551','10,44444444','97,35712728','5','DIV-7 / TINACOS / LAVANDERÍA '),
('1','FERRETERÍA / VÁLVULAS / TINACO','4012','"FILTRO CHICO  MALLA DE NYLON  ROSCA 3/4"""','1',' PZAS','7501728140120','47101551','9,022222222','84,09998654','5','DIV-7 / TINACOS / LAVANDERÍA '),
('1','','','','','','','','','0','',''),
('1','FERRETERÍA / GABINETE / REFRIGERADOR','1897','GABINETE PARA REFRIGERADOR VÁLVULA 1/2 X 1/2  (1897)','15','PZAS','7501728118976','','11,80222222','110,0135538','6','DIV-7 / TINACOS / LAVANDERÍA '),
('1',' Gabinete para Lavanderías Modernas','','','','','','','','0','',''),
('1','FERRETERÍA / GABINETE / LAVANDERÍAS','1190','GABINETE PARA LAVANDERÍA VÁLVULAS BLANCAS 1/2 X 3/4','12','PZAS','7501728111908','','5,244444444','48,88570646','7','DIV-7 / TINACOS / LAVANDERÍA '),
('1','FERRETERÍA / GABINETE / LAVANDERÍAS','1195','GABINETE PARA LAVANDERÍA VÁLVULAS CROMADAS 1/2 X 3/4','12','PZAS','7501728111953','','5,864444444','54,66499125','7','DIV-7 / TINACOS / LAVANDERÍA '),
('1','/ LLAVES PARA JARDÍN','','','','','','','','0','',''),
('1','LLAVES PARA JARDÍN','LLJG','"LLAVE JARDIN GRANDE 1/2"""','100','PZAS','7500462029371','30181700','13,08044444','121,9284091','2','DIV-9 PLOMACY'),
('1','LLAVES PARA JARDÍN','LLJGC','"LLAVE JARDÍN GRANDE CROMADA 1/2"""','100','PZAS','7500462937201','30181700','17,00733333','158,5326175','2','DIV-9 PLOMACY'),
('1','LLAVES PARA JARDÍN','LLJ13','"LLAVE JARDIN 1/2"""','160','PZAS','7500462065911','30181700','4,279555556','39,89156505','2','DIV-9 PLOMACY'),
('1','LLAVES PARA JARDÍN','JEM13','"LLAVE JARDIN ESFERA MARIPOSA 1/2"""','100','PZAS','7500462065928','30181700','9,246888889','86,19420049','2','DIV-9 PLOMACY'),
('1','LLAVES PARA JARDÍN','CMH13','"CONEXION 1/2"" DE LATÓN HEMBRA PARA MANGUERA"','500','PZAS','7500462065997','40141734','1,776888889','16,56314021','2','DIV-9 PLOMACY'),
('1','LLAVES PARA JARDÍN','CMJ13','"JUEGO CONEXION PARA MANGUERA 1/2"""','500','PZAS','7500462065980','40141734','2,758444444','25,71263874','2','DIV-9 PLOMACY'),
('1','LLAVES PARA JARDÍN','LLJPL','"LLAVE JARDIN PALANCA 1/2"""','150','PZAS','7500462029388','30181700','5,311111111','49,50713494','2','DIV-9 PLOMACY'),
('1','LLAVES PARA JARDÍN','LLJML','"LLAVE JARDIN MARIPOSA 1/2"""','150','PZAS','7500462029395','30181700','6,178666667','57,59399078','2','DIV-9 PLOMACY'),
('1','/ VÁLVULAS DE PASO','','','','','','','','0','',''),
('1','VÁLVULAS DE PASO','VSE22','"VALVULA SANITARIO ESFERA CONEXION 1/2""-7/8"""','150','PZAS','7500462065935','30181700','6,265111111','58,39977637','3','DIV-9 PLOMACY'),
('1','VÁLVULAS DE PASO','PVAC','"VALVULA ANGULAR 13mm (1/2"") ROSCABLE"','200','PZAS','7500462029302','30181700','3,937333333','36,70156556','3','DIV-9 PLOMACY'),
('1','VÁLVULAS DE PASO','PVAE','"VALVULA ANGULAR ESFERA 13mm (1/2"") ROSCABLE"','200','PZAS','7500462029319','30181700','2,920888889','27,22685279','3','DIV-9 PLOMACY'),
('1','VÁLVULAS DE PASO','VSE13','"VALVULA SANITARIO CONEXION 1/2""- 1/2"""','150','PZAS','7500462065973','30181700','5,064222222','47,20577816','3','DIV-9 PLOMACY'),
('1','VÁLVULAS DE PASO','VCG8','"VALVULA CONTROL GAS MARIPOSA CONEXIÓN 5/16""- 1/2"""','250','PZAS','7500462065614','30181700','4,839555556','45,11156421','3','DIV-9 PLOMACY'),
('1','VÁLVULAS DE PASO','VCG10','"VALVULA CONTROL GAS MARIPOSA CONEXIÓN 3/8""- 1/2"""','250','PZAS','7500462065621','30181700','4,271111111','39,81285077','3','DIV-9 PLOMACY'),
('1','VÁLVULAS DE PASO','VFC13','"VALVULA FLOTADOR CONEXIÓN 1/2"""','200','PZAS','7500462065744','30181700','5,026222222','46,85156393','3','DIV-9 PLOMACY'),
('1','VÁLVULAS DE PASO','VE13R','"VALVULA ESFERA 1/2"" ROSCABLE"','100','PZAS','7500462065720','30181700','5,164444444','48,1399923','3','DIV-9 PLOMACY'),
('1','VÁLVULAS DE PASO','VE19R','"VALVULA ESFERA 3/4"" ROSCABLE"','120','PZAS','7500462065737','30181700','7,992','74,49684522','3','DIV-9 PLOMACY'),
('1','VÁLVULAS DE PASO','V13RR','VALVULA ESFERA 13 MM','100','PZAS','07500463107443','30181700','9,526888889','88,80420008','3','DIV-9 PLOMACY'),
('1','VÁLVULAS DE PASO','V19RR','VALVULA ESFERA 19 MM','60','PZAS','07500463107450','30181700','14,70111111','137,0353352','3','DIV-9 PLOMACY'),
('1','/ REPUESTOS','','','','','','','','0','',''),
('1','REPUESTOS','RCEC','CARTUCHO EMPOTRAR CERAMICO','200','PZAS','7500462065669','30181800','5,416888889','50,49313478','4','DIV-9 PLOMACY'),
('1','REPUESTOS','RCLF','CARTUCHO LAVABO/FREGADERO CERAMICO','200','PZAS','7500462065676','30181800','3,861333333','35,9931371','4','DIV-9 PLOMACY'),
('1','REPUESTOS','RCLFU','CARTUCHO LAVABO/FREGADERO CERAMICO UNIVERSAL','200','PZAS','7500462065706','30181800','3,861333333','35,9931371','4','DIV-9 PLOMACY'),
('1','REPUESTOS','RCEU','CARTUCHO CERAMICO EMPOTRAR UNIVERSAL','200','PZAS','7500462937263','30181800','5,318','49,57134921','4','DIV-9 PLOMACY'),
('1','REPUESTOS','RCEUF','CARTUCHO CERAMICO EMPOTRAR UNIVERSAL','200','PZAS','07500463107436','30181800','5,483777778','51,11663468','4','DIV-9 PLOMACY'),
('1','REPUESTOS','RCOC','CARTUCHO CERAMICO AGUA CALIENTE','200','JGOS.','7500463068751','30181800','13,39844444','124,8926229','4','DIV-9 PLOMACY'),
('1','REPUESTOS','RLFEC','CARTUCHO COMPRESIÓN LAVABO / FREGADERO','200','PZAS','07500462937270','30181800','3,914444444','36,48820845','4','DIV-9 PLOMACY'),
('1','REPUESTOS','RCECF','CARTUCHO CERAMICO EMPOTRAR AGUA FRÍA','200','PZAS','07500462956967','30181800','5,318','49,57134921','4','DIV-9 PLOMACY'),
('1','REPUESTOS','RCOF','CARTUCHO CERAMICO AGUA FRIA','200','JGOS.','7500463068744','30181800','13,39844444','124,8926229','4','DIV-9 PLOMACY'),
('1','REPUESTOS','RCRU','CARTUCHO COMPRESION EMPOTRAR REGADERA','80','PZAS','7500462937256','30181800','8,845333333','82,45112966','4','DIV-9 PLOMACY'),
('1','REPUESTOS','RCLPC','CARTUCHO CERÁMICO HÍBRIDO AGUA CALIENTE','125','PZAS','7500463107412','30181800','1,949555556','18,17263995','4','DIV-9 PLOMACY'),
('1','REPUESTOS','RCLPF','CARTUCHO CERÁMICO HÍBRIDO AGUA FRÍA','125','PZAS','07500463107405','30181800','1,949555556','18,17263995','4','DIV-9 PLOMACY'),
('1','REPUESTOS','RCP12','CARTUCHO CERÁMICO 12 ESTRIAS UNIVERSAL','125','PZAS','7500463107429','30181800','1,949555556','18,17263995','4','DIV-9 PLOMACY'),
('1','REPUESTOS','RCLFC','CARTUCHO LAVABO/FREGADERO CERAMICO CALIENTE 20','200','PZAS','07500462065690','30181800','3,861333333','35,9931371','4','DIV-9 PLOMACY'),
('1','REPUESTOS','CEC27','CARTUCHO EMPOTRAR COMPRESION 27','200','PZAS','7500462065713','30181800','4,556','42,46842178','4','DIV-9 PLOMACY'),
('1','REPUESTOS','RCLFF','CARTUCHO LAVABO/FREGADERO CERAMICO FRIA 20','200','PZAS','7500462065683','30181800','3,861333333','35,9931371','4','DIV-9 PLOMACY'),
('1','/ MEZCLADORAS LAVABO','','','','','','','','0','',''),
('1','MEZCLADORA LAVABO ','PM4T','MEZCLADORA LAVABO MANERAL UNIVERSAL','20','PZAS','7500462065799','30181700','22,79622222','212,4933231','5','DIV-9 PLOMACY'),
('1','MEZCLADORA LAVABO ','PM4C','MEZCLADORA LAVABO MANERAL CRUZ ABS','20','PZAS','7500462065904','30181700','26,42022222','246,2741749','5','DIV-9 PLOMACY'),
('1','MEZCLADORA LAVABO ','PM4PP','MEZCLADORA LAVABO TIPO BAR MANERAL PIRULI','20','PZAS','7500463068775','30181700','21,78466667','203,0641818','5','DIV-9 PLOMACY'),
('1','MEZCLADORA LAVABO ','PM4BP','MEZCLADORA LAVABO TIPO BAR MANERAL PALANCA','20','PZAS','7500462956974','30181700','24,56044444','228,9383919','5','DIV-9 PLOMACY'),
('1','MEZCLADORA LAVABO ','PM4CS','MEZCLADORA LAVABO MANERAL CRUZ ACBADO SATINADO','20','PZAS','7500463068713','30181700','33,87311111','315,7457352','5','DIV-9 PLOMACY'),
('1','MANERALES','RJMLF','JUEGO DE MANERAL UNIVERSAL PARA MEZCLADORA LAVABO Y FREGADERO','200','JGOS','07500463140730','30181800','4,272666667','39,82735077','5','DIV-9 PLOMACY'),
('1','/ MEZCLADORAS FREGADERO','','','','','','','','0','',''),
('1','MEZCLADORA FREGADERO','PM8P','MEZCLADORA PARA FREGADERO MANERAL TIPO PALANCA','12','PZAS','7500462956936','30181700','36,69044444','342,0073024','6','DIV-9 PLOMACY'),
('1','MEZCLADORA FREGADERO','PM8PP','MEZCLADORA FREGADERO SALIDA TIPO COBRA MANERAL PALANCA','20','PZAS','7500463068782','30181700','24,97533333','232,8057485','6','DIV-9 PLOMACY'),
('1','MEZCLADORA FREGADERO','PM8U','MEZCLADORA FREGADERO MANERAL UNIVERSAL','20','PZAS','7500462065638','30181700','29,89777778','278,6899554','6','DIV-9 PLOMACY'),
('1','MEZCLADORA FREGADERO','M8ABS','MEZCLADORA FREGADERO ABS','20','PZAS','7500462065645','30181700','25,64933333','239,0883903','6','DIV-9 PLOMACY'),
('1','/ MEZCLADORAS FREGADERO','','','','','','','','0','',''),
('1','MEZCLADORA FREGADERO','PM8M','MEZCLADORA FREGADERO MANERAL CRUZ','20','PZAS','7500462065652','30181700','30,26755556','282,136812','7','DIV-9 PLOMACY'),
('1','MEZCLADORA FREGADERO','PM8FC','MEZCLADORA FREGADERO, SALIDA FLEXIBLE MANERAL CRUZ','20','PZAS','7500463068768','30181700','31,26311111','291,4168105','7','DIV-9 PLOMACY'),
('1','MEZCLADORA FREGADERO','PM8GC','MEZCLADORA FREGADERO MANERAL GRANDE UNIVERSAL','20','PZAS','7500463068720','30181700','50,35155556','469,3483535','7','DIV-9 PLOMACY'),
('1','MEZCLADORA FREGADERO','PM8PS','MEZCLADORA FREGADERO MANERAL PIRULI ACABADO SATINADO','20','PZAS','7500463068737','30181700','65,32977778','608,9667597','7','DIV-9 PLOMACY'),
('1','MEZCLADORA FREGADERO','RSFUF','BRAZO FREGADERO ACERO INOXIDABLE','60','PZAS','7500463140716','30181800','9,485333333','88,416843','7','DIV-9 PLOMACY'),
('1','/ REGADERAS / REPUSTOS','','','','','','','','0','',''),
('1','REGADERAS','BRABS','BRAZO REGADERA MATERIAL ABS 45°','200','PZAS','07500462937249','30181800','1,935777778','18,0442114','8','DIV-9 PLOMACY'),
('1','REGADERAS','BRF45','BRAZO REGADERA METÁLICO 45°','100','PZAS','07500462937225','30181800','2,281333333','21,26528231','8','DIV-9 PLOMACY'),
('1','REGADERAS','BRF90','BRAZO REGADERA METÁLICO 90°','30','PZAS','07500462937232','30181800','4,735777778','44,14420722','8','DIV-9 PLOMACY'),
('1','REGADERAS','RMC','REGADERA MERCURIO CROMADA','200','PZAS','07500463107481','30181812','2,737777778','25,51999592','8','DIV-9 PLOMACY'),
('1','REGADERAS','RSAC','REGADERA SATURNO ANTI-SARRO CROMADA','125','PZAS','07500463107474','30181812','6,882444444','64,15420402','8','DIV-9 PLOMACY'),
('1','REGADERAS','RVAC','REGADERA VENUS ANTI-SARRO CROMADA','125','PZAS','07500463107498','30181812','3,605333333','33,60685177','8','DIV-9 PLOMACY'),
('1','REGADERAS','RVAB','REGADERA VENUS BLANCA','125','PZAS','07500463140709','30181812','3,297777778','30,73999508','8','DIV-9 PLOMACY'),
('1','VÁLVULAS DE PASO','ECMR','"ENSAMBLE MEZCLADORA PARA REGADERA CARTUCHO CERÁMICO 1/2"""','20','PZAS','7500463068799','30181808','54,99066667','512,5914894','8','DIV-9 PLOMACY'),
('1','REPUESTOS','EERCP','LLAVE PARA REGADERA ENSAMBLE ROSCABLE','30','JGOS','7500462956943','30181808','20,73377778','193,2683976','8','DIV-9 PLOMACY'),
('1','/ REPUESTOS','','','','','','','','0','',''),
('1','REPUESTOS','RPJEP','JUEGO DE MANERAL Y CHAPETON EMPOTRAR UNIVERSAL','80','JGOS','07500462956950','43279','8,654444444','80,67177281','9','DIV-9 PLOMACY'),
('1','REPUESTOS','RPJEU','JUEGO DE CHAPETON Y MANERAL UNIVERSAL','80','JGOS','7500462065775','30181800','10,19755556','95,05577051','9','DIV-9 PLOMACY'),
('1','REPUESTOS','RPJEA','JUEGO DE CHAPETÓN Y MANERAL PARA REGADERA','50','JGOS','07500463107467','30181800','16,17777778','150,7999759','9','DIV-9 PLOMACY'),
('1','REPUESTOS','RPJMU','JUEGO MANERAL UNIVERSAL ','150','JGOS','7500462065768','30181800','5,384888889','50,19484911','9','DIV-9 PLOMACY'),
('1','REPUESTOS','RJMUC','JUEGO DE MANERAL UNIVERSAL PARA EMPOTRAR CON CUADRO','150','JGOS','7500463068706','30181800','5,402888889','50,3626348','9','DIV-9 PLOMACY'),
('1','REPUESTOS','RPJEC','JUEGO DE MANERAL Y CHAPETON MANERAL CRUZ','40','JGOS','7500462937218','30181800','14,84355556','138,3631207','9','DIV-9 PLOMACY'),
('1','REPUESTOS','RJCHE','JUEGO DE CHAPETON PARA LLAVE DE EMPOTRAR','150','JGOS','7500462065782','30181800','5,541333333','51,65313459','9','DIV-9 PLOMACY'),
('1','REPUESTOS','PRR2','"RESUMIDERO ANTI-CUCARACHAS REDONDO 2"""','100','PZAS','7500462065751','30181800','5,475555556','51,03999183','9','DIV-9 PLOMACY'),
('1','REPUESTOS','RPC4','"RESUMIDERO METÁLICO CUADRADO 4X4"""','100','PZAS','7500462956998','30181800','6,353555556','59,22420481','9','DIV-9 PLOMACY'),
('1','/ CONECTORES FLEXIBLES','','','','','','','','0','',''),
('1','CONECTORES FLEXIBLES','CFL40','MANGUERA FLEXIBLE PARA LAVABO Y FREGADERO','200','PZAS','7500462029333','30181800','2,001555556','18,65735416','10','DIV-9 PLOMACY'),
('1','CONECTORES FLEXIBLES','CFF55','MANGUERA FLEXIBLE PARA LAVABO Y FREGADERO','200','PZAS','7500462029340','30181800','2,164','20,1715682','10','DIV-9 PLOMACY'),
('1','CONECTORES FLEXIBLES','CFS35','MANGUERA FLEXIBLE PARA SANITARIO ','200','PZAS','7500462029357','30181800','2,039555556','19,01156839','10','DIV-9 PLOMACY'),
('1','CONECTORES FLEXIBLES','CFS22','MANGUERA FLEXIBLE PARA SANITARIO ','200','PZAS','7500462029364','30181800','2,368','22,07313933','10','DIV-9 PLOMACY'),
('1','CONECTORES FLEXIBLES','CBI60','MANGUERA FLEXIBLE PARA BOILER','72','PZAS','7500462956912','40142008','6,450444444','60,12734752','10','DIV-9 PLOMACY'),
('1','CONECTORES FLEXIBLES','BIM60','MANGUERA FLEXIBLE PARA BOILER','72','PZAS','07500463140747','40142008','6,906666667','64,3799897','10','DIV-9 PLOMACY'),
('1','CONECTORES FLEXIBLES','CBI19','MANGUERA FLEXIBLE PARA BOILER','72','PZAS','07500463140754','40142008','8,431111111','78,58998743','10','DIV-9 PLOMACY'),
('1','CONECTORES FLEXIBLES','CBA60','MANGUERA FLEXIBLE PARA BOILER','72','PZAS','7500462956905','40142008','5,461777778','50,91156328','10','DIV-9 PLOMACY'),
('1','CONECTORES FLEXIBLES','BAM60','MANGUERA FLEXIBLE PARA BOILER','72','PZAS','07500463140761','40142008','5,655333333','52,71577728','10','DIV-9 PLOMACY'),
('1','/ REPUESTOS','','','','','','','','0','',''),
('1','REPUESTOS','CCABS','CONTRACANASTA ABS CON CUBIERTA ACERO INOXIDABLE','50','PZAS','7500462065959','30181800','3,474','32,38263768','11','DIV-9 PLOMACY'),
('1','REPUESTOS','CCAI','CONTRACANASTA ACERO INOXIDABLE','50','PZAS','7500462065942','30181800','7,383777778','68,82734613','11','DIV-9 PLOMACY'),
('1','REPUESTOS','CTABS','JUEGO DE CUBRETALADROS ABS CUBIERTA ACERO INOXIDABLE ','200','JGOS','7500462029326','30181800','3,160888889','29,46399529','11','DIV-9 PLOMACY'),
('1','REPUESTOS','MSABS','MANIVELA PARA SANITARIO ABS CROMADA','200','PZAS','7500462937294','30181700','1,227111111','11,43842674','11','DIV-9 PLOMACY'),
('1','REPUESTOS','CT13','"CINTA TEFLON PREMIUM 1/2"" x 6. MTS. X 0.075MM"','1000','PZAS','7500462065966','31201514','0,268222222','2,500213886','11','DIV-9 PLOMACY'),
('1','REPUESTOS','CT19','CINTA TEFLON PREMIUM 19MM x 6.6MTS. X 0.075MM','1000','PZAS','7500462065966','31201514','0,314666667','2,933142388','11','DIV-9 PLOMACY'),
('1','EXHIBIDOR ACRÍLICO','POP71','EXHIBIDOR ACRÍLICO MEZCLADORAS ','1','PZA','S-N','S-N','0','0','11','DIV-9 PLOMACY'),
('1','REPUESTOS','POP72','EXHIBIDOR GRIFERÍA PREMIUM / LLAVES Y CARTUCHOS        ','1','PZA','S-N','S-N','0','0','11','DIV-9 PLOMACY'),
('1','REPUESTOS','POP73','EXHIBIDOR GRIFERÍA PREMIUM / CONECTORES Y RESUMIDEROS  ','1','PZA','S-N','S-N','0','0','11','DIV-9 PLOMACY'),
('1','','','para Lavabo / Fregadero / Universal','','','','','','0','',''),
('1','CESPOPRACTICK / LAVABO','9770','CESPOPRACTIK  P/LAVABO  R. BLANCA','25',' PZAS','7501728197704','','2,733333333','25,47856735','2','DIV-9 / LAVABOS / FREGADERO '),
('1','CESPOPRACTICK /  FREGADERO','9771','CESPOPRACTIK  P/FREGADERO  R. BLANCA','25',' PZAS','7501728197711','','3,044444444','28,37856689','2','DIV-9 / LAVABOS / FREGADERO '),
('1','CESPOPRACTICK / LAVABO','9772','CESPOPRACTIK  P/LAVABO  R. CROMADA','25',' PZAS','7501728197728','','3,755555556','35,00713726','2','DIV-9 / LAVABOS / FREGADERO '),
('1','CESPOPRACTICK / UNIVERSAL','9774','"CESPOPRACTIK  1 1/4"" PARA LAVABOS SIN CABEZA  "','30',' PZAS','7501728197742','','1,931111111','18,00071141','2','DIV-9 / LAVABOS / FREGADERO '),
('1','CESPOPRACTICK / UNIVERSAL','9776','"CESPOPRACTIK  1 1/2""  PARA FREGADEROS SIN CABEZA"','30','PZAS','7501728197766','','2,126666667','19,82356826','2','DIV-9 / LAVABOS / FREGADERO '),
('1','CESPOPRACTICK /  FREGADERO','9775','CESPOPRACTIK  P/FREGADERO  R. CROMADA ','25',' PZAS','7501728197759','','4,111111111','38,32142244','2','DIV-9 / LAVABOS / FREGADERO '),
('1','CESPOPRACTICK / LAVABO','9872','CESPOPRACTIK  CROMADO P/LAVABO ','25',' PZAS','7501728198725','','7,488888889','69,80713169','2','DIV-9 / LAVABOS / FREGADERO '),
('1','CESPOPRACTICK / UNIVERSAL','9874','CESPOPRACTIK CROMADO SIN CABEZA  P/LAVABOS','30','PZAS','7501728198749','','3,2','29,82856666','2','DIV-9 / LAVABOS / FREGADERO '),
('1','CESPOPRACTICK /  FREGADERO','9875','CESPOPRACTIK CROMADO  P/FREGADERO ','25','PZAS','7501728198756','','6,311111111','58,82856202','2','DIV-9 / LAVABOS / FREGADERO '),
('1','CESPOPRACTICK / UNIVERSAL','9876','CESPOPRACTIK CROMADO SIN CABEZA P/FREGADEROS','30',' PZAS','7501728198763','','3,288888889','30,65713795','2','DIV-9 / LAVABOS / FREGADERO '),
('1','','','para Lavabo / Fregadero / Universal','','','','','','0','',''),
('1','CESPO-PLUS /  FREGADERO','9971','CESPO PLUS CORRUGADO CON CABEZA DE FREGADERO','12',' PZAS','7501728199715','','3,111111111','28,99999536','3','DIV-9 / LAVABOS / FREGADERO '),
('1','CESPO-PLUS / LAVABO','9970','CESPO PLUS CORRUGADO CON CABEZA DE LAVABO REJILLA BLANCA','12',' PZAS','7501728199708','','2,777777778','25,892853','3','DIV-9 / LAVABOS / FREGADERO '),
('1','CESPO-PLUS / LAVABO','9972','CESPO PLUS CORRUGADO CON CABEZA DE LAVABO REJILLA CROMADA','12',' PZAS','7501728199722','','3,844444444','35,83570855','3','DIV-9 / LAVABOS / FREGADERO '),
('1','CESPO-PLUS /  FREGADERO','9975','CESPO PLUS CORRUGADO CON CABEZA DE FREGADERO REJILLA CROMADA','12',' PZAS','7501728199753','30181600','4,2','39,14999374','3','DIV-9 / LAVABOS / FREGADERO '),
('1','CESPO-PLUS / UNIVERSAL','9977','CESPO PLUS CORRUGADO UNIVERSAL PARA LAVABO Y FREGADERO','14',' PZAS','7501728199777','','2,177777778','20,29999675','3','DIV-9 / LAVABOS / FREGADERO '),
('1','','','para Lavabo / Fregadero / Universal','','','','','','0','',''),
('1','CESPOL-RO / LAVABO','3000','CESPOL R.O. SALIDA FLEXIBLE LAVABO CABEZA BLANCA','28',' PZAS','7501728130008','','3,08','28,70999541','4','DIV-9 / LAVABOS / FREGADERO '),
('1','CESPOL-RO / FREGADERO','3001','CESPOL R.O. SALIDA FLEXIBLE FREGADERO REJILLA  BLANCA','28',' PZAS','7501728130015','','3,226666667','30,07713804','4','DIV-9 / LAVABOS / FREGADERO '),
('1','CESPOL-RO / LAVABO','3002','CESPOL R.O SALIDA FLEXIBLE LAVABO REJILLA CROMADA','28',' PZAS','7501728130022','','3,613333333','33,68142318','4','DIV-9 / LAVABOS / FREGADERO '),
('1','CESPOL-RO / UNIVERSAL','3003','CESPOL R.O. SALIDA FLEXIBLE MULTIPLE ','30','PZAS','7501728130039','','2,46','22,93071062','4','DIV-9 / LAVABOS / FREGADERO '),
('1','CESPOL-RO / FREGADERO','3004','CESPOL R.O. SALIDA FLEXIBLE FREGADERO REJILLA CROMADA','28',' PZAS','7501728130046','','3,651111111','34,03356598','4','DIV-9 / LAVABOS / FREGADERO '),
('1','CESPOL-RO / LAVABO','3302','CESPOL R.O. CROMADO PARA LAVABO  (3302) SALIDA FLEXIBLE','20',' PZAS','7501728133023','','7,746666667','72,20998845','4','DIV-9 / LAVABOS / FREGADERO '),
('1','CESPOL-RO / UNIVERSAL','3303','CESPOL R.O. CROMADO UNIVERSAL  SALIDA FLEXIBLE ','20',' PZAS','7501728133030','','5,422222222','50,54284906','4','DIV-9 / LAVABOS / FREGADERO '),
('1','CESPOL-RO / FREGADERO','3304','CESPOL R.O. CROMADO PARA FREGADERO  SALIDA FLEXIBLE','20',' PZAS','7501728133047','','7,837777778','73,05927402','4','DIV-9 / LAVABOS / FREGADERO '),
('1','','','para Lavabo / Fregadero / Universal','','','','','','0','',''),
('1','CESPOL-RO REFORZADO / LAVABO','3100','CESPOL R.O. SALIDA RÍGIDA P/LAVABO REJILLA BLANCA','28',' PZAS','7501728131005','','2,875555556','26,80428143','5','DIV-9 / LAVABOS / FREGADERO '),
('1','CESPOL-RO REFORZADO / FREGADERO','3101','CESPOL R.O. SALIDA RÍGIDA  P/FREGADERO REJILLA BLANCA','28',' PZAS','7501728131012','','2,904444444','27,0735671','5','DIV-9 / LAVABOS / FREGADERO '),
('1','CESPOL-RO REFORZADO / LAVABO','3102','CESPOL R.O. SALIDA RÍGIDA P/LAVABO REJILLA CROMADA ','28',' PZAS','7501728131029','','3,411111111','31,79642348','5','DIV-9 / LAVABOS / FREGADERO '),
('1','CESPOL-RO REFORZADO / UNIVERSAL','3103','CESPOL R.O. SALIDA RÍGIDA UNIVERSAL ','30',' PZAS','7501728131036','30181600','2,086666667','19,45071117','5','DIV-9 / LAVABOS / FREGADERO '),
('1','CESPOL-RO REFORZADO / FREGADERO','3104','CESPOL R.O.  SALIDA RÍGIDA  P/FREGADERO REJILLA CROMADA (3104)','28','PZAS','7501728131043','30181600','3,448888889','32,14856628','5','DIV-9 / LAVABOS / FREGADERO '),
('1','CESPOL-RO REFORZADO / LAVABO','3202','CESPOL R.O. CROMADO  P/LAVABO  SALIDA RÍGIDA','20','PZAS','7501728132026','30181600','7,635555556','71,17427433','5','DIV-9 / LAVABOS / FREGADERO '),
('1','CESPOL-RO REFORZADO / UNIVERSAL','3203','CESPOL R.O. CROMADO UNIVERSAL  SALIDA RÍGIDA','20','PZAS','7501728132033','30181600','5,384444444','50,19070626','5','DIV-9 / LAVABOS / FREGADERO '),
('1','CESPOL-RO REFORZADO / FREGADERO','3204','CESPOL R.O. CROMADO P/FREGADERO  (3204) SALIDA RÍGIDA','20','PZAS','7501728132040','30181600','7,653333333','71,33998859','5','DIV-9 / LAVABOS / FREGADERO '),
('1','','','para Lavabo / Fregadero / Universal','','','','','','0','',''),
('1','CESPOL-P / LAVABO','2660','"CESPOL-""P""  P/LAVABO R. BLANCA"','20','PZAS','7501728126605','30181600','3,311111111','30,86428078','6','DIV-9 / LAVABOS / FREGADERO '),
('1','CESPOL-P / FREGADERO','2661','"CESPOL-""P""  P/FREGADERO R. BLANCA"','20','PZAS','7501728126612','30181600','3,311111111','30,86428078','6','DIV-9 / LAVABOS / FREGADERO '),
('1','CESPOL-P / LAVABO','2662','"CESPOL-""P""  P/LAVABO R. CROMADA"','20','PZAS','7501728126629','30181600','3,911111111','36,45713702','6','DIV-9 / LAVABOS / FREGADERO '),
('1','CESPOL-P / UNIVERSAL','2663','"CESPOL-""P""  MULTIPLE 1.25"" Y 1.5"""','25','PZAS','7501728126636','30181600','2,422222222','22,57856782','6','DIV-9 / LAVABOS / FREGADERO '),
('1','CESPOL-P / FREGADERO','2664','"CESPOL-""P""  P/FREGADERO R. CROMADA"','20','PZAS','7501728126643','30181600','4','37,28570832','6','DIV-9 / LAVABOS / FREGADERO '),
('1','CESPOL-P / LAVABO','9730','CESPO FÁCIL  P/LAVABO R. BLANCA','20','PZAS','7501728126629','30181600','3,488888889','32,52142337','6','DIV-9 / LAVABOS / FREGADERO '),
('1','CESPOL-P / FREGADERO','9731','CESPO FÁCIL  P/FREGADERO R. BLANCA','20','PZAS','7501728197315','30181600','3,511111111','32,72856619','6','DIV-9 / LAVABOS / FREGADERO '),
('1','CESPOL-RO REFORZADO / FREGADERO','9732','CESPO FÁCIL  P/LAVABO R. CROMADA','20',' PZAS','7501728197322','30181600','4,111111111','38,32142244','6','DIV-9 / LAVABOS / FREGADERO '),
('1','CESPOL-RO REFORZADO / FREGADERO','9733','"CESPO FÁCIL  MULTIPLE 1.25"" Y 1.5"""','25','PZAS','7501728197339','30181600','2,555555556','23,82142476','6','DIV-9 / LAVABOS / FREGADERO '),
('1','CESPOL-RO REFORZADO / FREGADERO','9734','CESPO FÁCIL  P/FREGADERO R. CROMADA','20','PZAS','7501728197346','30181600','4,2','39,14999374','6','DIV-9 / LAVABOS / FREGADERO '),
('1','Trampa Múltiple Flexible / Destapa Trampas','','','','','','','','0','',''),
('1','CESPOL-RO REFORZADO / FREGADERO','2667','"TRAMPA ""P"" MULTIPLE FLEXIBLE PVC"','25','PZAS','7501728126674','30181600','2,377777778','22,16428217','7','DIV-9 / LAVABOS / FREGADERO '),
('1','DESTAPA TRAMPAS','2977','DESTAPA TRAMPAS','50','PZAS','7501728129378','','6,4','59,65713331','7','DIV-9 / LAVABOS / FREGADERO '),
('1','','','','','','','','','0','',''),
('1','DOBLE TARJA','2237','DOBLE TARJA CON CESPOL R.O. ','10',' PZAS','7501728122379','30181600','5,866666667','54,68570554','8','DIV-9 / LAVABOS / FREGADERO '),
('1','DOBLE TARJA','2239','DOBLE TARJA CON CESPOPRACTIK  ','12','PZAS','7501728122393','30181600','5,955555556','55,51427683','8','DIV-9 / LAVABOS / FREGADERO '),
('1','DOBLE TARJA','2240','SALIDA DOBLE TARJA','20','PZAS','7501728122409','30181600','3,111111111','28,99999536','8','DIV-9 / LAVABOS / FREGADERO '),
('1','DOBLE TARJA','2245','"SALIDA DOBLE TARJA  CON EXTENSIÓNES CEJA 4"" "','20','PZA','7501728122454','30181600','3,777777778','35,21428008','8','DIV-9 / LAVABOS / FREGADERO '),
('1','DOBLE TARJA','2247','SALIDA CROMADA DOBLE TARJA (2247)','20','PZAS','7501728122478','30181600','6,822222222','63,59284697','8','DIV-9 / LAVABOS / FREGADERO '),
('1','Extensiones / Fregadero / Universales','','','','','','','','0','',''),
('1','EXTENSIONES / UNIVERSAL','9812','"EXTENSION  UNIVERSAL CON TUERCA  7"" (18 CMS.)"','40',' PZAS','7501728198121','40141700','0,844444444','7,871427312','9','DIV-9 / LAVABOS / FREGADERO '),
('1','EXTENSIONES / FREGADERO','9813','"EXTENSION  PARA FREGADERO  6.5"" (17 CMS.)"','60',' PZAS','7501728198138','40141700','0,688888889','6,421427544','9','DIV-9 / LAVABOS / FREGADERO '),
('1','EXTENSIONES / FREGADERO','9814','"EXTENSION CON CEJA  4"" (10  CMS.)"','50',' PZAS','7501728198145','40141700','0,6','5,592856248','9','DIV-9 / LAVABOS / FREGADERO '),
('1','EXTENSIONES / FREGADERO','9819','"EXTENSION CON CEJA  6"" (15  CMS.)"','60','PZAS','7501728198190','40141700','0,755555556','7,042856016','9','DIV-9 / LAVABOS / FREGADERO '),
('1','','','para Lavabo / Fregadero / Universales','','','','','','0','',''),
('1','CESBOT / LABAVO','2930','CES-BOT  BLANCO  P/LAVABO','30',' PZAS','7501728129309','30181600','3,088888889','28,79285254','10','DIV-9 / LAVABOS / FREGADERO '),
('1','CESBOT / FREGADERO','2931','CES-BOT  BLANCO  P/FREGADERO (2931)','30',' PZAS','7501728129316','30181600','3,4','31,69285207','10','DIV-9 / LAVABOS / FREGADERO '),
('1','CESBOT / LABAVO','2932','CES-BOT  CON REJ. CROMADA  P/LAVABO','30',' PZAS','7501728129323','30181600','3,644444444','33,97142314','10','DIV-9 / LAVABOS / FREGADERO '),
('1','CESBOT / UNIVERSAL','2933','CES-BOT  MULTIPLE  LAV./FREG.','40',' PZAS','7501728129330','30181600','2,755555556','25,68571018','10','DIV-9 / LAVABOS / FREGADERO '),
('1','CESBOT / FREGADERO','2934','CES-BOT  CON REJ. CROMADA  P/ FREGADERO','30',' PZAS','7501728129347','30181600','3,966666667','36,97499408','10','DIV-9 / LAVABOS / FREGADERO '),
('1','CESBOT / CON CONTRACANASTA PLÁSTICA','2937','CES-BOT  CON CONTRACANASTA PLASTICA','30',' PZAS','7501728129378','30181600','5,755555556','53,64999142','10','DIV-9 / LAVABOS / FREGADERO '),
('1','CESBOT / CON CONTRACANASTA CUBIERTA INOXIDABLE','2938','CES-BOT  CON CONTRACANASTA INOXIDABLE','30',' PZAS','7501728129385','','8,844444444','82,44284395','10','DIV-9 / LAVABOS / FREGADERO '),
('1','Cabeza Lavabo-Fregadero-Universal, / Canasta plástica / Aerador Flexible','','','','','','','','0','',''),
('1','AERADOR FLEXIBLE','2270','AEREADOR (REGADERA) FLEXIBLE PARA FREGADEROS Y LAVABOS','50',' PZAS','7501728122706','40141700','0,877777778','8,182141548','11','DIV-9 / LAVABOS / FREGADERO '),
('1','CANASTA PLÁSTICA','2670','CANASTA PLASTICA BLANCA SIN TUBO ','70',' PZAS','7501728126704','52151604','3,066666667','28,58570971','11','DIV-9 / LAVABOS / FREGADERO '),
('1','CANASTA PLÁSTICA','2672','CANASTA PLASTICA BLANCA CON TUBO 17 CMS. ','50',' PZAS','7501728126728','52151604','3,755555556','35,00713726','11','DIV-9 / LAVABOS / FREGADERO '),
('1','CANASTA PLÁSTICA','2674','CANASTA PLÁSTICA BLANCA EN BLISTER','24','PZAS','7501728126742','52151604','4,333333333','40,39285068','11','DIV-9 / LAVABOS / FREGADERO '),
('1','CABEZA UNIVERSAL / LAVABO','9727','CABEZA  100% CROMADA P/LAVABO (9727)','28','PZAS','7501728197278','30181800','3,155555556','29,41428101','11','DIV-9 / LAVABOS / FREGADERO '),
('1','CABEZA UNIVERSAL / FREGADERO','9728','CABEZA  100% CROMADA  P/FREGADERO ','28',' PZAS','7501728197285','30181800','3,133333333','29,20713818','11','DIV-9 / LAVABOS / FREGADERO '),
('1','CABEZA UNIVERSAL / LAVABO','9735','CABEZA  BLANCA P/LAVABO (9735)','40',' PZAS','7501728197353','30181800','1,066666667','9,942855552','11','DIV-9 / LAVABOS / FREGADERO '),
('1','CABEZA UNIVERSAL / FREGADERO','9736','CABEZA  BLANCA P/FREGADERO ','35',' PZAS','7501728197360','30181800','1,066666667','9,942855552','11','DIV-9 / LAVABOS / FREGADERO '),
('1','CABEZA UNIVERSAL / LAVABO','9737','CABEZA  REJILLA CROMADA P/LAVABO (9737)','40',' PZAS','7501728197377','30181800','1,755555556','16,3642831','11','DIV-9 / LAVABOS / FREGADERO '),
('1','CABEZA UNIVERSAL / FREGADERO','9738','CABEZA  REJILLA CROMADA  P/FREGADERO','35',' PZAS','7501728197384','30181800','1,733333333','16,15714027','11','DIV-9 / LAVABOS / FREGADERO '),
('1','Extensiones / Juegos de soporte','','','','','','','','0','',''),
('1','CONECTOR UNIVERSAL / CESPOL','2669','"CONECTOR UNIVERSAL P/CESPOLS  A TUBO PVC  1 1/2""  47 mm."','15',' PZAS','7501728126698','40183110 ','0,791111111','7,374284534','12','DIV-9 / LAVABOS / FREGADERO '),
('1','EXTENSIÓN MÚLTIPLE  / UNIVERSAL','2925','"EXTENSION MULTIPLE  FLEXIBLE SALIDA 1 1/2"""','25','PZAS','7501728129255','40141700','1,76','16,40571166','12','DIV-9 / LAVABOS / FREGADERO '),
('1','EXTENSIÓN MÚLTIPLE  / UNIVERSAL','2926','"EXTENSION MULTIPLE  FLEXIBLE SALIDA 1 1/4""  "','25','PZAS','7501728129262','40141700','1,76','16,40571166','12','DIV-9 / LAVABOS / FREGADERO '),
('1','"JUEGO DE SOPORTES PARA LAVABO "','9741','"SOPORTE ""AUSTERO"" PARA LAVABO JUEGO EN BOLSITA"','60','PZAS','7501728197414','','0,822222222','7,664284488','12','DIV-9 / LAVABOS / FREGADERO '),
('1','"JUEGO DE SOPORTES PARA LAVABO "','9744','"SOPORTE  ""A GRANEL""  P/LAVABO"','60','PZAS','7501728197445','','0,722222222','6,73214178','12','DIV-9 / LAVABOS / FREGADERO '),
('1','CABEZA UNIVERSAL / FREGADERO','9745','"SOPORTE  ""COMPLETO""  P/LAVABO  C/TAQ. Y  PIJAS  JUEGO EN BOLSITA"','50',' JUEGOS','7501728197452','','1,011111111','9,424998492','12','DIV-9 / LAVABOS / FREGADERO '),
('1','JUEGO DE SOPORTES PARA LAVABO ','9761','SOPORTE PARA LAVABO DE PLÁSTICO REFORZADO','60','PZAS','7501728197612','','0','0','12','DIV-9 / LAVABOS / FREGADERO '),
('1','EXTENSIÓN PARA LAVADORA','9817','"EXTENSION  PARA LAVABO  6.5"" (17 CMS.)"','35',' PZAS','7501728198176','40141700','0,588888889','5,489284836','12','DIV-9 / LAVABOS / FREGADERO '),
('1','Multichupón Universal','','','','','','','','0','',''),
('1','MULTICHUPÓN UNIVERSAL','2309','"CHUPON UNIVERSAL 2"" (2309)"','20','PZAS','7501728123093','30181600','0,688888889','6,421427544','13','DIV-9 / LAVABOS / FREGADERO '),
('1','Empaques','','','','','','','','0','',''),
('1','UNIVERSAL  / UNIVERSAL ','1786','"EMPAQUES PARA CESPOLS  1 1/4 ""REPUESTOS"""','100',' PZAS','7501728117863','31161818','0,266666667','2,485713888','14','DIV-9 / LAVABOS / FREGADERO '),
('1','UNIVERSAL  / UNIVERSAL ','1945','"EMPAQUES PARA CESPOLS  1 1/2  ""REPUESTOS"""','100','PZAS','7501728119454','31161818','0,266666667','2,485713888','14','DIV-9 / LAVABOS / FREGADERO '),
('1','EMPQUE CHUPÓN / CAMPANA','2315','"CHUPON NEGRO PARA CAMPANA  2 ""  P/FREGADEROS"','50',' PZAS','7501728123154','30181600','0,377777778','3,521428008','14','DIV-9 / LAVABOS / FREGADERO '),
('1','EMPQUE CHUPÓN / CAMPANA','2316','"CHUPON NEGRO PARA CAMPANA  2""  P/LAVABOS"','50','50','7501728123161','30181600','0,377777778','3,521428008','14','DIV-9 / LAVABOS / FREGADERO '),
('1','EMPQUE CHUPÓN / TUBO','2317','"CHUPON NEGRO PARA TUBO  2 ""  P/FREGADEROS"','50','PZAS','7501728123178','30181600','0,377777778','3,521428008','14','DIV-9 / LAVABOS / FREGADERO '),
('1','EMPQUE CHUPÓN / TUBO','2318','"CHUPON NEGRO PARA TUBO  2 ""  P/LAVABOS"','50','PZAS','7501728123185','30181600','0,377777778','3,521428008','14','DIV-9 / LAVABOS / FREGADERO '),
('1','EMPQUE CHUPÓN / TUBO','2319','"CHUPON NEGRO PARA TUBO 1 1/2"" P. LAVABOS"','50','PZAS','7501728123192','30181600','0,377777778','3,521428008','14','DIV-9 / LAVABOS / FREGADERO '),
('1','EMPQUE CHUPÓN / CAMPANA','2815','"CHUPON ""ANARANJADO"" P/CAMPANA 2"" P/FREGADEROS"','50',' PZAS','7501728128159','30181600','0,684444444','6,379998979','14','DIV-9 / LAVABOS / FREGADERO '),
('1','EMPQUE CHUPÓN / CAMPANA','2816','"CHUPON ""ANARANJADO"" P/CAMPANA 2"" P/LAVABOS"','50',' PZAS','7501728128166','30181600','0,684444444','6,379998979','14','DIV-9 / LAVABOS / FREGADERO '),
('1','EMPQUE CHUPÓN / TUBO','2817','"CHUPON ""ANARANJADO"" P/TUBO 2"" P/FREGADEROS"','50','PZAS','7501728128173','30181600','0,684444444','6,379998979','14','DIV-9 / LAVABOS / FREGADERO '),
('1','EMPQUE CHUPÓN / TUBO','2818','"CHUPON ""ANARANJADO"" P/TUBO 2"" P/LAVABOS"','50',' PZAS','7501728128180','30181600','0,684444444','6,379998979','14','DIV-9 / LAVABOS / FREGADERO '),
('1','EMPQUE CHUPÓN / TUBO','2819','"CHUPON ""ANARANJADO"" P/TUBO 1 1/2"" P/LAVABOS"','50',' PZAS','7501728128197','30181600','0,684444444','6,379998979','14','DIV-9 / LAVABOS / FREGADERO '),
('1','Kit de Instalación Lavabos                                        / Frgegaderos','','','','','','','','0','',''),
('1',' KIT DE INSTALACIÓN / FREGADERO','3107','KIT INSTALACION UNIVERSAL PARA LAVABO O FREGADERO CON CESPOL R.O.','10',' PZAS','7501728131074','','11,51111111','107,2999828','15','DIV-9 / LAVABOS / FREGADERO '),
('1',' KIT DE INSTALACIÓN / LAVABO','3163','"KIT DE INSTALACION PARA LAVABOS VÁLVULA CROMADA 1/2""X 1/2"" CON CESPOPRACTIK"','10',' PZAS.','7501728131630','','0','0','15','DIV-9 / LAVABOS / FREGADERO '),
('1',' KIT DE INSTALACIÓN / LAVABO','3190','KIT INSTALACION P/ LAV. C/CESPOL R.O. REJILLA BLANCA','10','PZAS','7501728131906','','12,22222222','113,9285532','15','DIV-9 / LAVABOS / FREGADERO '),
('1',' KIT DE INSTALACIÓN / FREGADERO','3207','KIT INSTALACION UNIVERSAL PARA LAVABO O FREGADERO CON CESPOPRACTIK','10',' PZAS','7501728132071','','0','0','15','DIV-9 / LAVABOS / FREGADERO '),
('1',' KIT DE INSTALACIÓN / LAVABO','3290','KIT INSTALACION P/ LAV. CON CESPOPRACTIK  REJILLA BLANCA','10',' PZAS','7501728132903','','0','0','15','DIV-9 / LAVABOS / FREGADERO '),
('1','Kit de Instalación Lavabos                                        / Frgegaderos','','','','','','','','0','',''),
('1',' KIT DE INSTALACIÓN / FREGADERO','3110','KIT DE INSTALACION PARA FREGADEROS (TARJA SENCILLA) CON CESPOL R.O. CANASTA BLANCA','10',' PZAS','7501728131104','','14,44444444','134,6428356','16','DIV-9 / LAVABOS / FREGADERO '),
('1',' KIT DE INSTALACIÓN / FREGADERO','3158','"KIT DE INSTALACION PARA FREGADEROS CON CESPOPRACTIK, VÁLVULA CROMADA 1/2""X 1/2"" CANASTA BLANCA, FAMAFLEX PREMIUM 55 CMS."','10',' PZAS','7501728131586','','0','0','16','DIV-9 / LAVABOS / FREGADERO '),
('1',' KIT DE INSTALACIÓN / FREGADERO','3159','"KIT DE INSTALACION PARA FREGADEROS CON CESPOPRACTIK  VÁLVULA 1/2""X 1/2"""','10',' PZAS','7501728131593','','0','0','16','DIV-9 / LAVABOS / FREGADERO '),
('1',' KIT DE INSTALACIÓN / FREGADERO','3168','"KIT DE INSTALACION PARA FREGADEROS CON CESPOPRACTIK VÁLVULA  1/2""X 1/2"", FAMAFLEX PREMIUM 40 CMS."','10',' PZAS','7501728131685','','0','0','16','DIV-9 / LAVABOS / FREGADERO '),
('1','Kit de Instalación Lavabos / Frgegaderos / Doble Tarja','','','','','','','','0','',''),
('1',' KIT DE INSTALACIÓN / FREGADERO','3130','"KIT DE INSTALACION PARA FREGADEROS (DOBLE TARJA) CON CESPOL R.O. Y VÁLVULAS DE 1/2"" CANASTAS BLANCAS"','10',' PZAS','7501728131302','','20,88888889','194,7142546','17','DIV-9 / LAVABOS / FREGADERO '),
('1',' KIT DE INSTALACIÓN / FREGADERO','3167','"KIT DE INSTALACION PARA FREGADEROS (DOBLE TARJA)  CON CESPOPRACTIK Y VÁLVULAS CROMADAS DE 1/2""  CANASTAS BLANCAS"','10',' PZAS','7501728131678','','0','0','17','DIV-9 / LAVABOS / FREGADERO '),
('1',' KIT DE INSTALACIÓN / FREGADERO','3230','"KIT DE INSTALACION PARA FREGADEROS (DOBLE TARJA) CON CESPOPRACTIK Y VÁLVULAS DE 1/2"" CANASTAS BLANCAS"','10',' PZAS','7501728132309','','0','0','17','DIV-9 / LAVABOS / FREGADERO '),
('1','Exhibidores','','','','','','','','0','',''),
('1','EXHIBIDOR / CESPOPRACTICK','POP48','EXHIBIDOR CESPOL R.O.','1','PZA','S-C','','#¡REF!','0','18','DIV-9 / LAVABOS / FREGADERO '),
('1','EXHIBIDOR / CESPOL-RO','POP47','EXHIBIDOR CESPOPRACTIK','1','PZA','S-C','','#¡REF!','0','18','DIV-9 / LAVABOS / FREGADERO '),
('1','Exhibidores','','','','','','','','0','',''),
('1','EXHIBIDOR / CESPOPRACTICK','POP56','EXHIBIDOR  CUADRADO DE CESPOPRACTICK. CROMADO P.LAVABO','1',' PZA','S-C','56131600','#¡REF!','0','19','DIV-9 / LAVABOS / FREGADERO '),
('1','EXHIBIDOR / CESPOPRACTICK','POP57','EXHIBIDOR  CUADRADO DE CESPOPRACTICK. BLANCO P.FREGADERO','1',' PZA','S-C','56131600','#¡REF!','0','19','DIV-9 / LAVABOS / FREGADERO '),
('1','EXHIBIDOR / CESPOPRACTICK','POP58','EXHIBIDOR  CUADRADO DE CESPOPRACTICK. CROMADO P.FREGADERO','1',' PZA','S-C','56131600','#¡REF!','0','19','DIV-9 / LAVABOS / FREGADERO '),
('1','Válvula Pilot para WC','','','','','','','','0','',''),
('1','VÁLVULA PILOT PARA W.C.','3030','VALVULA  ULTRA-PILOT  EN CAJITA','23','PZAS','7501728130305','40141639','5,733333333','53,44284859','2','DIV-10 / SANITARIO'),
('1','REPUESTO','3037','"REPUESTO ""DIAFRAGMA"" PARA VALVULA ULTRA PILOT EN BLISTER"','100','PZAS','7501728130374','','1,066666667','9,942855552','2','DIV-10 / SANITARIO'),
('1','Herrajes Pilot para W.C.','','','','','','','','0','',''),
('1','HERRAJES PILOT PARA W.C.  ','2580','"HERRAJE ULTRA PILOT 2"" CON PALANCA DE LUJO"','8','PZAS','7501728125806','','8,822222222','82,23570113','3','DIV-10 / SANITARIO'),
('1','HERRAJES PILOT PARA W.C.  ','2581','"HERRAJE ULTRA PILOT 2"" CON PALANCA DE LUJO"','8','PZAS','7501728125813','','10,44444444','97,35712728','3','DIV-10 / SANITARIO'),
('1','HERRAJES PILOT PARA W.C.  ','2582','"HERRAJE ULTRA PILOT 2"" ONE PIECE CON PALANCA DE LUJO"','8','PZAS','7501728125820','','7,844444444','73,12141687','3','DIV-10 / SANITARIO'),
('1','HERRAJES PILOT PARA W.C.  ','2583','"HERRAJE ULTRA PILOT 3"" ONE PIECE CON PALANCA DE LUJO"','8','PZAS','7501728125837','','10,88888889','101,4999838','3','DIV-10 / SANITARIO'),
('1','Herrajes Pilot para W.C. Con Pulsador 38 ó 58mm','','','','','','','','0','',''),
('1','HERRAJES PILOT PARA W.C. CON PULSADOR  ','2570','"HERRAJE ULTRA PILOT 2"" Y PULSADOR DE 38 MM"','8','PZAS','7501728125707','','12,44444444','115,9999814','4','DIV-10 / SANITARIO'),
('1','HERRAJES PILOT PARA W.C. CON PULSADOR  ','2571','"HERRAJE ULTRA PILOT 2""  Y PULSADOR 58 MM"','8','PZAS','7501728125714','','13,06666667','121,7999805','4','DIV-10 / SANITARIO'),
('1','HERRAJES PILOT PARA W.C. CON PULSADOR  ','2572','"HERRAJE ULTRA PILOT 3""  Y PULSADOR 38 MM"','7','PZAS','7501728125721','','13,86666667','129,2571222','4','DIV-10 / SANITARIO'),
('1','HERRAJES PILOT PARA W.C. CON PULSADOR  ','2573','"HERRAJE ULTRA PILOT 3""  Y PULSADOR 58 MM"','7','PZAS','7501728125738','','14,48888889','135,0571212','4','DIV-10 / SANITARIO'),
('1','HERRAJES PILOT PARA W.C. CON PULSADOR  ','2574','"HERRAJE ULTRA PILOT 2"" ONE PIECE Y PULSADOR 38 MM"','8','PZAS','7501728125745','','10,93333333','101,9142694','4','DIV-10 / SANITARIO'),
('1','HERRAJES PILOT PARA W.C. CON PULSADOR  ','2575','"HERRAJE ULTRA PILOT 2"" ONE PIECE Y PULSADOR  58 MM"','8','PZAS','7501728125752','','11,42222222','106,4714115','4','DIV-10 / SANITARIO'),
('1','HERRAJES PILOT PARA W.C. CON PULSADOR  ','2576','"HERRAJE ULTRA PILOT 3"" ONE PIECE Y PULSADOR 38 MM"','7','PZAS','7501728125769','','14,31111111','133,3999787','4','DIV-10 / SANITARIO'),
('1','HERRAJES PILOT PARA W.C. CON PULSADOR  ','2577','"HERRAJE ULTRA PILOT 3"" ONE PIECE Y PULSADOR 58 MM"','7','PZAS','7501728125776','','14,93333333','139,1999777','4','DIV-10 / SANITARIO'),
('1','Herrajes para Sanitario','','','','','','','','0','',''),
('1','HERRAJES ECONOMAX','2200','"HERRAJE  ECONOMAX 10"" PALANCA BLANCA SIN ESPONJOSO"','25',' PZAS','7501728122003','','5,044444444','47,02142105','5','DIV-10 / SANITARIO'),
('1','HERRAJES ECONOMAX','2207','"HERRAJE  ECONOMAX 10"" PALANCA CROMADA Y ESPONJOSO"','25','PZAS','7501728122072','','6,377777778','59,44999049','5','DIV-10 / SANITARIO'),
('1','HERRAJES ECONOMAX','2208','"HERRAJE  ECONOMAX 10"" PALANCA BLANCA Y ESPONJOSO"','25',' PZAS','7501728122089','','5,822222222','54,27141989','5','DIV-10 / SANITARIO'),
('1','HERRAJES MINIMAX','9400','"HERRAJE  MINIMAX 8"" PAL. BCA. SIN EMP. T.TAZA"','25','PZAS','7501728194000','','5,377777778','50,12856341','5','DIV-10 / SANITARIO'),
('1','HERRAJES MINIMAX','9407','"HERRAJE  MINIMAX 8"" PAL. CROMADA  Y ESPONJOSO"','25','PZAS','7501728194079','','6,771111111','63,11641847','5','DIV-10 / SANITARIO'),
('1','HERRAJES MINIMAX','9408','"HERRAJE  MINIMAX 8"" PAL. BCA.  Y ESPONJOSO"','25','PZAS','7501728194086','','6,088888889','56,75713378','5','DIV-10 / SANITARIO'),
('1','Herrajes para Sanitario','','','','','','','','0','',''),
('1','HERRAJE SANITARIO  / EUROTEC','2700','"HERRAJE EUROTEC 10"" PALANCA BLANCA SIN EMPAQUE TANQUE TAZA"','25','PZAS','7501728127008','','5,733111111','53,44077716','','DIV-10 / SANITARIO'),
('1','HERRAJE SANITARIO  / EUROTEC','2707','"HERRAJE  EUROTEC 10"" PALANCA CROMADA CON ESPONJOSO"','25','PZAS','7501728127077','','7,288888889','67,94284627','6','DIV-10 / SANITARIO'),
('1','HERRAJE SANITARIO  / SEGURIMAX','9600','"HERRAJE SEGURIMAX G5-10""   PALANCA BLANCA SIN ESPONJOSO"','25',' PZAS','7501728196004','','6','55,92856248','6','DIV-10 / SANITARIO'),
('1','HERRAJE SANITARIO  / SEGURIMAX','9607','" HERRAJE  SEGURIMAX G5-10""  PAL. CROMADA Y ESPONJOSO (9607)"','25','PZAS','7501728196073','','7,391111111','68,89570326','6','DIV-10 / SANITARIO'),
('1','HERRAJE SANITARIO  / SEGURIMAX','9608','"HERRAJE  SEGURIMAX G5-10""  PAL. BCA. Y ESPONJOSO "','25','PZAS','7501728196080','','6,644444444','61,93570438','6','DIV-10 / SANITARIO'),
('1','Herrajes para Sanitario','','','','','','','','0','',''),
('1','HERRAJE SANITARIO  / ROSMASTER','2107','KIT DE HERRAJE ROSMASTER  COMPLETO P/W.C. EN CAJITA ','20','PZAS','7501728121075','','','94,87141339','7','DIV-10 / SANITARIO'),
('1','Herrajes para Sanitario','','','','','','','','0','',''),
('1','HERRAJE SANITARIO  / EUROTEC','2716','"HERRAJE  EUROTEC 3"" PAL. BCA. TOR. PLAST. V.TROP"','25','PZAS','7501728127169','','0','0','8','DIV-10 / SANITARIO'),
('1','HERRAJE SANITARIO  / EUROTEC','2717','"HERRAJE  EUROTEC 3"" PAL. BCA. TOR. PLAST. V.TROP"','25','PZAS','7501728127176','','7,111111111','66,28570368','8','DIV-10 / SANITARIO'),
('1','HERRAJE SANITARIO  / EUROTEC','2718','"HERRAJE  EUROTEC 3"" PAL. CROMADA TOR. PLAST. V.TROP"','25','PZAS','7501728127183','','0','0','8','DIV-10 / SANITARIO'),
('1','','"Herraje 10"""','','','','/','','','0','',''),
('1','HERRAJE SANITARIO  / HYDROGARD','8014H','HERRAJE HYDROGARD PARA WC MANIJA CROMADA Y ESPONJOSO','24',' PZAS','7501728180140','','0','0','9','DIV-10 / SANITARIO'),
('1','HERRAJE SANITARIO  / HYDROGARD','8015H','HERRAJE HYDROGARD PARA WC MANIJA BLANCA SIN ESPONJOSO','25',' PZAS','7501728180157','','0','0','9','DIV-10 / SANITARIO'),
('1','HERRAJE SANITARIO  / DUOTECH','2807','"HERRAJE  DUOTECH 10"" CON PERA, PAL. CROMADA Y ESPONJOSO"','24',' PZAS','7501728128074','','10,97777778','102,3285551','9','DIV-10 / SANITARIO'),
('1','','','Válvula de entrada para Sanitario','','','','','','0','',''),
('1','HERRAJE SANITARIO  / ECONOMAX','2202','"VALV. ENTRADA ECONOMAX 10""  SIN FLOTADOR Y SIN VARILLA"','25',' PZAS','7501728122027','40141639','1,777777778','16,57142592','10','DIV-10 / SANITARIO'),
('1','HERRAJE SANITARIO  / ECONOMAX','2203','"VALV. ENTRADA ECONOMAX 10""  CON FLOTADOR Y VARILLA"','50',' PZAS','7501728122034','40141639','2,622222222','24,44285323','10','DIV-10 / SANITARIO'),
('1','HERRAJE SANITARIO  / ECONOMAX','2204','"VALV. ENTRADA ECONOMAX 10""  CON VARILLA  Y SIN FLOTADOR"','120',' PZAS','7501728122041','40141639','2,111111111','19,67856828','10','DIV-10 / SANITARIO'),
('1','HERRAJE SANITARIO  / MINIMAX','9402','"VALVULA ENTRADA MINIMAX 8"" SIN FLOTADOR Y SIN VARILLA"','25',' PZAS','7501728194024','40141639','2,044444444','19,05713981','10','DIV-10 / SANITARIO'),
('1','HERRAJE SANITARIO  / MINIMAX','9403','"VALV. ENTRADA MINIMAX 8"" CON FLOT. Y VARILLA"','50','PZAS','7501728194031','40141639','2,777777778','25,892853','10','DIV-10 / SANITARIO'),
('1','HERRAJE SANITARIO  / MINIMAX','9404','"VALV. ENTRADA MINIMAX 8"" CON VARILLA Y SIN FLOT."','25',' PZAS','7501728194048','40141639','2,288888889','21,33571087','10','DIV-10 / SANITARIO'),
('1','','','Válvula de entrada para Sanitario','','','','','','0','',''),
('1','VÁLVULA ENTRADA SANITARIO  / EUROTEC','2702','"VALV. ENTRADA EURO-TEC 10""  SIN FLOT. Y SIN VAR."','25','PZAS','7501728127022','40141639','2,655333333','24,75149604','11','DIV-10 / SANITARIO'),
('1','VÁLVULA ENTRADA SANITARIO  / EUROTEC','2703','"VALV. ENTRADA EURO-TEC 10""  CON FLOT. Y  VARILLA"','50','PZAS','7501728127039','40141639','3,6','33,55713749','11','DIV-10 / SANITARIO'),
('1','VÁLVULA ENTRADA SANITARIO  / SEGURIMAX','9602','"VALV. ENTRADA SEGURIMAX 10""  SIN FLOT. Y SIN VAR."','25',' PZAS','7501728196028','40141639','2,177777778','20,29999675','11','DIV-10 / SANITARIO'),
('1','VÁLVULA ENTRADA SANITARIO  / SEGURIMAX','9603','"VALV. ENTRADA SEGURIMAX 10""  CON FLOT. Y  VARILLA"','50','PZAS','7501728196035','40141639','2,955555556','27,54999559','11','DIV-10 / SANITARIO'),
('1','VÁLVULA ENTRADA SANITARIO  / SEGURIMAX','9604','"VALV. ENTRADA SEGURIMAX 10"" CON VARILLA Y SIN FLOT. "','120','PZAS','7501728196042','40141639','2,444444444','22,78571064','11','DIV-10 / SANITARIO'),
('1','VÁLVULA ENTRADA SANITARIO  / ROSMASTER','2102','ROSMASTER VALVULA  DE  ENTRADA  EN CAJITA ','25',' PZAS','7501728121020','40141639','4,253333333','39,64713651','12','DIV-10 / SANITARIO'),
('1','VÁLVULA ENTRADA SANITARIO  / HYDROGARD','H8006','VÁLVULA HYDROGARD CON VARILLA AJUSTABLE Y FLOTADOR','30',' PZAS','7501728180065','','0','0','12','DIV-10 / SANITARIO'),
('1','Válvula descarga para Sanitario','','','','','','','','0','',''),
('1','VÁLVULA DESCARGA SANITARIO  / ECONOMAX','2205','VALVULA SALIDA ECONOMAX CON SAPO','70','PZAS','7501728122058','40141640','2,333333333','21,74999652','13','DIV-10 / SANITARIO'),
('1','VÁLVULA DESCARGA SANITARIO  / MINIMAX','9405','VALV. SALIDA  MINIMAX CON SAPO','70',' PZAS','7501728194055','40141640','2,511111111','23,40713911','13','DIV-10 / SANITARIO'),
('1','Válvula descarga para Sanitario','','','','','','','','0','',''),
('1','VÁLVULA DESCARGA SANITARIO  / EUROTEC','2705','"VALVULA DE SALIDA 10"" EUROTEC CON SAPO"','70',' PZAS','7501728127053','40141640','3,044444444','28,37856689','14','DIV-10 / SANITARIO'),
('1','VÁLVULA DESCARGA SANITARIO  / SEGURIMAX','9605','VALV. SALIDA  SEGURIMAX CON SAPO','65','PZAS','7501728196059','40141640','2,511111111','23,40713911','14','DIV-10 / SANITARIO'),
('1','VÁLVULA DESCARGA SANITARIO  / ROSMASTER','2105','ROSMASTER  VALVULA  DE  SALIDA  EN CAJITA CON JUEGO DE TORNILLOS','34','PZAS','7501728121051','40141640','5,597777778','52,17927737','14','DIV-10 / SANITARIO'),
('1','Válvula descarga One-Piece para Sanitario','','','','','','','','0','',''),
('1','VÁLVULA DESCARGA SANITARIO  / HYDROGARD','H1700','"VÁLVULA HYDROGARD PARA ONE PIECE 2"" CON ANCLA INOXIDABLE"','24',' PZAS','7501728117009','','5,666666667','52,82142012','15','DIV-10 / SANITARIO'),
('1','VÁLVULA DESCARGA SANITARIO ','3105','"VALVULA DE SALIDA PARA ONE PIECE 2"" INTELIGENTE CON ANCLA INOXIDABLE"','24',' PZAS','7501728131050','40141640','3,822222222','35,62856573','15','DIV-10 / SANITARIO'),
('1','VÁLVULA DESCARGA SANITARIO ','3106','"VALVULA DE DESCARGA ONE PIECE 2"" CON ANCLAS DE ACETAL"','24',' PZAS','7501728131067','40141640','3,422222222','31,8999949','15','DIV-10 / SANITARIO'),
('1','VÁLVULA DESCARGA SANITARIO  / HYDROGARD','H8005','"VALVULA HYDROGARD DE DESCARGA 10"" BLANCA CON SAPO GUINDO"','60',' PZAS','7501728180058','','2,511111111','23,40713911','15','DIV-10 / SANITARIO'),
('1','Válvula de descarga para One- Piece 3” / Con Tuerca','','','','','','','','0','',''),
('1','VÁLVULA DESCARGA SANITARIO  / EUROTEC','3115','"VALVULA ONE PIECE 3""  (3115)"','20','PZAS','7501728131159','40141640','0','0','16','DIV-10 / SANITARIO'),
('1','VÁLVULA DESCARGA SANITARIO  / EUROTEC','2715','"VALV. SALIDA EURO-TEC  PARA WC 3"""','20','PZAS','7501728127152','40141640','3,066666667','28,58570971','16','DIV-10 / SANITARIO'),
('1','Válvulas de descarga con Pulsador incluido','','','','','','','','0','',''),
('1','VÁLVULA DESCARGA ','2590','"VÁLVULA SALIDA INTELIGENTE 2"" Y PULSADOR 38 MM"','18','PZAS','7501728125905','','6,911111111','64,42141826','17','DIV-10 / SANITARIO'),
('1','VÁLVULA DESCARGA ','2591','"VÁLVULA SALIDA INTELIGENTE 2"" Y PULSADOR 58 MM"','16','PZAS','7501728125912','','7,466666667','69,59998886','17','DIV-10 / SANITARIO'),
('1','VÁLVULA DESCARGA ','2592','"VÁLVULA SALIDA 3""  Y PULSADOR 38 MM"','12','PZAS','7501728125929','','8,488888889','79,12855877','17','DIV-10 / SANITARIO'),
('1','VÁLVULA DESCARGA ','2593','"VÁLVULA SALIDA 3""  Y PULSADOR 58 MM"','12','PZAS','7501728125936','','9,088888889','84,72141502','17','DIV-10 / SANITARIO'),
('1','VÁLVULA DESCARGA ','2594','"VÁLVULA SALIDA INTELIGENTE 2""  ONE PIECE Y PULSADOR 38MM"','18','PZAS','7501728125943','','7,755555556','72,29284558','17','DIV-10 / SANITARIO'),
('1','VÁLVULA DESCARGA ','2595','"VÁLVULA SALIDA INTELIGENTE 2""  ONE PIECE Y PULSADOR  58MM"','16','PZAS','7501728125950','','8,311111111','77,47141618','17','DIV-10 / SANITARIO'),
('1','VÁLVULA DESCARGA ','2596','"VÁLVULA SALIDA 3""  ONE PIECE Y PULSADOR 38MM"','15','PZAS','7501728125967','','9,377777778','87,41427173','17','DIV-10 / SANITARIO'),
('1','VÁLVULA DESCARGA ','2597','"VÁLVULA SALIDA 3""  ONE PIECE Y PULSADOR 58MM"','12','PZAS','7501728125974','','9,933333333','92,59284233','17','DIV-10 / SANITARIO'),
('1','"Único Pulsador Inteligente Universal para descargas de 2"" y 3"""','','','','','','','','0','',''),
('1','PULSADOR UNIVERSAL','3455','PULSADOR UNIVERSAL DE 38MM','10','PZAS','7501728134556','','3,888888889','36,2499942','18','DIV-10 / SANITARIO'),
('1','PULSADOR UNIVERSAL','3456','PULSADOR UNIVERSAL DE 58MM','10','PZAS','7501728134563','','4,111111111','38,32142244','18','DIV-10 / SANITARIO'),
('1','CHAPETÓN REDUCTOR','3458','CHAPETON REDUCTOR DE 58MM','60','PZAS','7501728134587','','1,777777778','16,57142592','18','DIV-10 / SANITARIO'),
('1','Sapo Flexible / Cristal / Universal','','','','','','','','0','',''),
('1','SAPO UNIVERSAL / HYDROGARD','H1000','SAPO HYDROGARD UNIVERSAL PARA WC','48',' PZAS','7501728110000','','1','9,32142708','19','DIV-10 / SANITARIO'),
('1','SAPO CRISTAL / HYDROGARD','H1007','SAPO HYDROGARD CRSTAL PARA WC','20',' PZAS','7501728110079','47131705','2,644444444','24,64999606','19','DIV-10 / SANITARIO'),
('1','SAPO  / ECONOFLAP','9451','"SAPO  ECONOFLAP  ""ROJO""   EN  CARTULINA"','48','PZAS','7501728194512','47131705','0,995555556','9,279998515','19','DIV-10 / SANITARIO'),
('1','SAPO  / ECONOFLAP','9452','"SAPO ECONOFLAP ""NEGRO"" EN CARTULINA"','48','PZAS','7501728194529','47131705','0,995555556','9,279998515','19','DIV-10 / SANITARIO'),
('1','SAPO  / ECONOFLAP','9453','"SAPO  ECONOFLAP  ""BLANCO""  EN  CARTULINA"','48','PZAS','7501728194536','47131705','0,995555556','9,279998515','19','DIV-10 / SANITARIO'),
('1','SAPO  / ECONOFLAP','9454','"SAPO  ECONOFLAP  ""AZUL""   EN  CARTULINA"','48',' PZAS','7501728194543','47131705','0,995555556','9,279998515','19','DIV-10 / SANITARIO'),
('1',' Sapo Flexible / Cristal','','','','','','','','0','',''),
('1','SAPO  / ECONOFLAP','2404','"SAPO  SEGURIFLAP  ""ANARANJADO"" EN CARTULINA"','48',' PZAS','7501728124045','47131705','1,922222222','17,91785428','20','DIV-10 / SANITARIO'),
('1','SAPO FLEXIBLE','2781','"SAPO 3"" ANARANJADO"','15','PZAS','7501728127817','47131705','3,1','28,89642395','20','DIV-10 / SANITARIO'),
('1','SAPO  / ECONOFLAP','9448','"SAPO  ECONOFLAP  ""AMARILLO"" EN BLISTER"','20',' PZAS.','7501728194485','47131705','1,866666667','17,39999722','20','DIV-10 / SANITARIO'),
('1','SAPO  / ECONOFLAP','9449','"SAPO  ECONOFLAP  ""AMARILLO""   EN  CARTULINA"','48',' PZAS','750128194499','47131705','0,995555556','9,279998515','20','DIV-10 / SANITARIO'),
('1','SAPO  / ECONOFLAP','9450','SAPO AHORRADOR  CON  FLOTADORSITO  P/W.C.','48','PZAS','7501728194505','47131705','1,355555556','12,63571226','20','DIV-10 / SANITARIO'),
('1','SAPO  / CRISTAL','9455','"SAPO  ECONOFLAP  ""CRISTAL""   EN  CARTULINA"','48',' PZAS','7501728194550','47131705','0,944444444','8,80357002','20','DIV-10 / SANITARIO'),
('1','SAPO  / ECONOFLAP','9459','SAPO  CRISTAL CADENA INOXIDABLE  EN  BLISTER','20','PZAS','7501728194598','47131705','2,977777778','27,75713842','20','DIV-10 / SANITARIO'),
('1','Sapos / Segurimax / Pera Universal','','','','','','','','0','',''),
('1','PERA PERFECTA DESCARGA','2385','"PERA   ""DIAMANTE""  EN  BOLSITA"','50',' PZAS','7501728123857','40141600','1,466666667','13,67142638','21','DIV-10 / SANITARIO'),
('1','HERRAJE SANITARIO  / ROSMASTER','9457','"SAPO 2""  INTELIGENTE PARA 3 Y 6 LITROS"','10',' PZAS','7501728194574','47131705','3,533333333','32,93570902','21','DIV-10 / SANITARIO'),
('1','HERRAJE SANITARIO  / ROSMASTER','9458','"SAPO 3""  FAMA EN BLISTER"','10','PZAS.','7501728194581','47131705','4,866666667','45,36427846','21','DIV-10 / SANITARIO'),
('1','HERRAJE SANITARIO  / ROSMASTER','9460','"SAPO 2""  SEGURIMAX EN BLISTER"','22',' PZAS','7501728194604','47131705','1,555555556','14,49999768','21','DIV-10 / SANITARIO'),
('1','HERRAJE SANITARIO  / ROSMASTER','9461','"SAPO 2""  SEGURIMAX EN CARTULINA"','48','PZAS','7501728194611','47131705','1,155555556','10,77142685','21','DIV-10 / SANITARIO'),
('1','Sapo / Empaques Esponjosos','','','','','','','','0','',''),
('1','VÁLVULA DESCARGA  / CATO','2775','"VALVULA DE SALIDA CATO 3"""','12','PZAS','7501728127756','40141640','7,241111111','67,4974892','22','DIV-10 / SANITARIO'),
('1','SAPO / CATO','2777','"SAPO CATO 3"""','40','PZAS','7501728127770','47131705','4,686666667','43,68642158','22','DIV-10 / SANITARIO'),
('1','ESPONJOSO / CATO','2779','"ESPONJOSO  ACOPLAR 3""  CATO"','40','PZAS','7501728127794','','2,744444444','25,58213876','22','DIV-10 / SANITARIO'),
('1','ESPONJOSO ','2782','"EMPAQUE  DE ACOPLAR 3"" ANARANJADO "','15',' PZAS','7501728127824','','2,5','23,3035677','22','DIV-10 / SANITARIO'),
('1','ESPONJOSO ','9750','"ESPONJOSO  ACOPLAR 2""  NEGRO A GRANEL"','45',' PZAS','7501728197506','','0,711111111','6,628570368','22','DIV-10 / SANITARIO'),
('1','ESPONJOSO ','9752','"ESPONJOSO  ACOPLAR 2"" NARANJA EN BOLSITA"','40','PZAS','7501728197520','','0,888888889','8,28571296','22','DIV-10 / SANITARIO'),
('1','ESPONJOSO ','9753','"ESPONJOSO  ACOPLAR 3""  NEGRO   A GRANEL"','30',' PZAS','7501728197537','','1,2','11,1857125','22','DIV-10 / SANITARIO'),
('1','ESPONJOSO / CON TORNILLOS','9758','"ESPONJOSO  ACOPLAR 2""  NARANJA CON TORNILLOS EN BOLSITA"','56',' PZAS','7501728197582','','1,866666667','17,39999722','22','DIV-10 / SANITARIO'),
('1',' Cuello de Cera / Únicos con Parafina 100% Pura','','','','','','','','0','',''),
('1','CUELLO DE CERA','2699','CUELLO DE CERA CON GUIA Y SIN CUBRE PIJAS EN CAJITA ','28',' PZAS','7501728126995','','1,477777778','13,7749978','23','DIV-10 / SANITARIO'),
('1','CUELLO DE CERA','2696','"CUELLO DE CERA ECONOMICO SIN GUIA ""A GRANEL"""','22',' PZAS','7501728126964','','0,868888889','8,099284418','23','DIV-10 / SANITARIO'),
('1','Cuello de Cera','','','','','','','','0','',''),
('1','CUELLO DE CERA','2690','CUELLO DE CERA SIN GUIA Y CON CUBRE PIJAS EN CAJITA','54',' PZAS','7501728126902','','1,711111111','15,94999745','24','DIV-10 / SANITARIO'),
('1','CUELLO DE CERA','2694','CUELLO DE CERA CON GUIA Y CUBRE PIJAS EN CAJITA','28',' PZAS','7501728126940','','1,933333333','18,02142569','24','DIV-10 / SANITARIO'),
('1','CUELLO DE CERA','2696','"CUELLO DE CERA ECONOMICO SIN GUIA ""A GRANEL"" "','22',' PZAS','7501728126964','','0,868888889','8,099284418','24','DIV-10 / SANITARIO'),
('1','CUELLO DE CERA','2697','CUELLO DE CERA SIN GUIA Y SIN CUBRE PIJAS EN CAJITA','60',' PZAS','7501728126971','','1,255555556','11,70356956','24','DIV-10 / SANITARIO'),
('1','CUELLO DE CERA','2698','"CUELLO DE CERA ECONOMICO CON GUIA ""A GRANEL"""','16',' PZAS','7501728126988','','1,133333333','10,56428402','24','DIV-10 / SANITARIO'),
('1','CUELLO DE CERA','2699','CUELLO DE CERA CON GUIA Y SIN CUBRE PIJAS EN CAJITA  ','28',' PZAS','7501728126995','','1,477777778','13,7749978','24','DIV-10 / SANITARIO'),
('1','Palancas WC','','','','','','','','0','',''),
('1','PALANCA / PUSH BOTON','2230','PUSH BUTTON BLANCO','50',' PZAS','7501728122300','31162807','2,22','20,69356812','25','DIV-10 / SANITARIO'),
('1','PALANCA / PUSH BOTON','2231','PUSH BUTTON CROMADO','50',' PZAS','7501728122317','31162807','3,546666667','33,05999471','25','DIV-10 / SANITARIO'),
('1','PALANCA / DE LUJO','2560','PALANCA  DE LUJO  CROMADA  BOLSA  INDIVIDUAL','30',' PZAS','7501728125608','31162807','1,415555556','13,19499789','25','DIV-10 / SANITARIO'),
('1','PALANCA / DE LUJO','2562','PALANCA  DE LUJO  BLANCA BOLSA INDIVIDUAL','30','PZAS','7501728125622','31162807','0,622222222','5,799999072','25','DIV-10 / SANITARIO'),
('1','PALANCA / MANIJA BLANCA','H3002','PALANCA HYDROGARD WC MANIJA BLANCA','65',' PZAS','7501728130022','31162807','0,977777778','9,114284256','25','DIV-10 / SANITARIO'),
('1','PALANCA / MANIJA CROMADA','H3007','PALANCA HYDROGARD WC MANIJA CROMADA','65',' PZAS','7501728130077','','0','0','25','DIV-10 / SANITARIO'),
('1','PALANCA / SEMILATERAL','9562','PALANCA SEMILATERAL','50',' PZAS','7501728195625','','0','0','25','DIV-10 / SANITARIO'),
('1','PALANCA / JANETT','9564','PALANCA JANETT CROMADA INCLINADA 30º BOLSA INDIVIDUAL','30',' PZAS.','7501728195649','31162807','1,302222222','12,13856949','25','DIV-10 / SANITARIO'),
('1','PALANCA / JANETT','9566','PALANCA JANETT BLANCA BOLSA INDIVIDUAL','100','PZAS','7501728195663','31162807','0,577777778','5,385713424','25','DIV-10 / SANITARIO'),
('1','PALANCA / JANETT','9568','PALANCA JANETT BZO. METALICO CROMADA','30',' PZAS','7501728195687','31162807','1,626666667','15,16285472','25','DIV-10 / SANITARIO'),
('1','PALANCA / JANETT','9569','PALANCA JANETT CROMADA  BOLSA  INDIVIDUAL','30','PZAS','7501728195694','31162807','1,32','12,30428375','25','DIV-10 / SANITARIO'),
('1',' Brida Móvil para W.C.','','','','','','','','0','',''),
('1','BRIDA MÓVIL','9591','BRIDA MOVIL PARA W.C.  EN BLISTER','10',' PZAS','7501728195915','40174800','4,204444444','39,1914223','26','DIV-10 / SANITARIO'),
('1',' Juego de Tornillos / Cubre Pijas','','','','','','','','0','',''),
('1','JUEGO DE TORNILLOS','1519','"TORNILLOS  LARGOS  ""A GRANEL""  5/16"" X 3 1/4"" TROPICALIZADO"','50','JUEGOS','7501728115197','27112146','1,2','11,1857125','27','DIV-10 / SANITARIO'),
('1','JUEGO DE TORNILLOS','1561','"TORNILLOS  LATON  ""A GRANEL""  5/16"" X 2 3/8"""','75','JUEGOS','7501728115616','27112146','2,4','22,37142499','27','DIV-10 / SANITARIO'),
('1','JUEGO DE TORNILLOS','2682','"CUBREPIJAS PARA W.C. ""EN BOLSITA"""','75','JUEGOS','7501728126827','31162806','0,733333333','6,835713192','27','DIV-10 / SANITARIO'),
('1','JUEGO DE TORNILLOS','9740','"TORNILLOS  PLASTICOS  ""EN BOLSITA""  3/8"" X 2 1/2"""','50',' PZAS','7501728197407','27112146','0,566666667','5,282142012','27','DIV-10 / SANITARIO'),
('1','JUEGO DE TORNILLOS','9742','"TORNILLOS  TROPICALIZADOS  ""A GRANEL""  5/16"" X 2 1/2"""','75','JUEGOS','7501728197421','27112146','0,711111111','6,628570368','27','DIV-10 / SANITARIO'),
('1','JUEGO DE TORNILLOS','9743','"TORNILLOS  PIJA  P/WC. ""A GRANEL"""','200',' JUEGOS','7501728197438','31161503','0,5','4,66071354','27','DIV-10 / SANITARIO'),
('1','JUEGO DE TORNILLOS','9746','"TORNILLOS  LATON  ""EN BOLSITA""  5/16"" X 2 3/8"""','75','JUEGOS','7501728197469','27112146','2,566666667','23,92499617','27','DIV-10 / SANITARIO'),
('1','JUEGO DE TORNILLOS','9747','"TORNILLOS  TROPICALIZADOS  ""EN BOLSITA""   5/16"" X 2 1/2"""','75','JUEGOS','7501728197476','27112146','0,788888889','7,353570252','27','DIV-10 / SANITARIO'),
('1','JUEGO DE TORNILLOS','9748','"TORNILLOS  PIJA  P/WC. ""EN BOLSITA"" (9748)"','150','JUEGOS','7501728197483','31161503','0,566666667','5,282142012','27','DIV-10 / SANITARIO'),
('1','JUEGO DE TORNILLOS','9749','"TORNILLOS  PIJA  P/WC. Y CUBRE PIJAS ""EN BOLSITA"" (9749)"','50','JUEGOS','7501728197490','31161503','1,266666667','11,80714097','27','DIV-10 / SANITARIO'),
('1','Flotadores / Porta Rollo / Filtro para Válvulas ','','','','','','','','0','',''),
('1','FLOTADOR / REFORZADO','2013H','FLOTADOR HYDROGARD PARA WC','70',' PZAS','7501728127139','','0','0','28','DIV-10 / SANITARIO'),
('1','PORTA ROLLO','2260','PORTA ROLLO BLANCO','100','PZAS','7501728122607','30181600','0,6','5,592856248','28','DIV-10 / SANITARIO'),
('1','PORTA ROLLO','2265','PORTA ROLLO CROMADO','45',' PZAS','7501728122652','30181600','1,955555556','18,22856851','28','DIV-10 / SANITARIO'),
('1','FILTRO PARA VÁLVULAS DE WC','3137','FILTRO PARA VALVULA DE W.C.','12',' PZAS','7501728131371','40161502','0','0','28','DIV-10 / SANITARIO'),
('1','FLOTADOR / SOPLADO','9714','FLOTADOR  PLASTICO #4 SIN.VARILLA','90',' PZAS','7501728197148','','0,524444444','4,888570646','28','DIV-10 / SANITARIO'),
('1','FLOTADOR / SOPLADO','9715','FLOTADOR  PLASTICO #5 SIN.VARILLA','60',' PZAS','7501728197155','','1,631111111','15,20428328','28','DIV-10 / SANITARIO'),
('1','FLOTADOR / SOPLADO','9716','FLOTADOR  PLASTICO #6 SIN.VARILLA','40','PZAS','7501728197162','','1,733777778','16,16128313','28','DIV-10 / SANITARIO'),
('1','FLOTADOR / PREMIUM','9724','"FLOTADOR  PLASTICO #4  ""BLANCO""  SIN VARILLA"','90',' PZAS','7501728197247','','0,58','5,406427706','28','DIV-10 / SANITARIO'),
('1','Válvulas de Control Hembra','','','','','','','','0','',''),
('1','NIPLE','2759','NIPLE ROSCADO NPT 1/2 X 1/2  ACETAL','150','PZAS','7501728127596','40141719','0,155555556','1,449999768','29','DIV-10 / SANITARIO'),
('1','VÁLVULA CONTROL / CROMADA','2851','VALVULA DE CONTROL CROMADA 1/2 X 1/2  T. CROMADA ','36',' PZAS','7501728128517','','1,6','14,91428333','29','DIV-10 / SANITARIO'),
('1','VÁLVULA CONTROL / CROMADA','2852','VALVULA DE CONTROL CROMADA 1/2 X 1/2 T.AZUL ','36',' PZAS','7501728128524','','1,6','14,91428333','29','DIV-10 / SANITARIO'),
('1','VÁLVULA CONTROL / CROMADA','2853','VALVULA DE CONTROL CROMADA 1/2 X 1/2 T.ROJA ','36',' PZAS','7501728128531','','1,6','14,91428333','29','DIV-10 / SANITARIO'),
('1','VÁLVULA CONTROL / BLANCA','2855','VALVULA DE CONTROL HEMBRA 1/2 X 1/2 M. ROJO ','30',' PZAS','7501728128555','','1,333333333','12,42856944','29','DIV-10 / SANITARIO'),
('1','VÁLVULA CONTROL / BLANCA','2856','VALVULA DE CONTROL HEMBRA 1/2 X 1/2 M. AZUL ','30',' PZAS','7501728128562','','1,333333333','12,42856944','29','DIV-10 / SANITARIO'),
('1','VÁLVULA CONTROL / BLANCA','2857','VALVULA DE CONTROL HEMBRA 1/2 X 1/2  UNIVERSAL ','30','PZAS','7501728128579','','1,333333333','12,42856944','29','DIV-10 / SANITARIO'),
('1','Destapacaños','','','','','','','','0','',''),
('1','DESTAPACAÑOS','2310','"AYUDANTE  DE  PLOMERO   ""CHICO""  3 1/2"" ""ECONOMICO"""','20',' PZAS','7501728123109','47131612','1,853333333','17,27571152','30','DIV-10 / SANITARIO'),
('1','DESTAPACAÑOS','2311','"AYUDANTE  DE  PLOMERO   ""MEDIANO""  5 1/2"" ""ECONOMICO""  "','12',' PZAS','7501728123116','47131612','2,395555556','22,32999643','30','DIV-10 / SANITARIO'),
('1','DESTAPACAÑOS','2312','"AYUDANTE  DE  PLOMERO   ""GRANDE""  6"" ""ECONOMICO"" "','10',' PZAS','7501728123123','47131612','2,835555556','26,43142434','30','DIV-10 / SANITARIO'),
('1','DESTAPACAÑOS','2313','"AYUDANTE  DE  PLOMERO  DOBLE SIPHON   5 1/2"""','12','PZAS','7501728123130','47131612','3,831111111','35,71142286','30','DIV-10 / SANITARIO'),
('1','DESTAPACAÑOS','2790','"AYUDANTE  DE  PLOMERO  DE  LUJO  5 3/4"" MEDIANO AZUL "','15',' PZAS','7501728127909','47131612','3,033333333','28,27499548','30','DIV-10 / SANITARIO'),
('1','Kit de Intalación para Sanitarios','','','','','','','','0','',''),
('1','KIT DE INSTALACION SANITARIOS','3151','KIT INSTALACION PARA W.C. CON CUELLO DE CERA CON GUIA Y FAMAFLEX INOXIDABLE 1/2 X 7/8','10',' PZAS','7501728131517','','0','0','31','DIV-10 / SANITARIO'),
('1','KIT DE INSTALACION SANITARIOS','3155','"KIT DE INSTALACION W.C. CON BRIDA MOVIL Y FAMAFLEX INOXIDABLE 1/2"" X 7/8"""','10','PZAS','7501728131555','','0','0','31','DIV-10 / SANITARIO'),
('1','KIT DE INSTALACION SANITARIOS','3157','"KIT DE INSTALACION PARA W.C. CON CUELLO DE CERA  "" SIN GUIA Y POLIMAX 1/2 X 7/8"','10',' PZAS','7501728131579','','0','0','31','DIV-10 / SANITARIO'),
('1','KIT DE INSTALACION SANITARIOS','3160','KIT INSTALACION PARA W.C. CON CUELLO DE CERA CON GUIA  Y POLIMAX 1/2 X 7/8','10','PZAS','7501728131609','','7,022222222','65,45713238','31','DIV-10 / SANITARIO'),
('1','KIT DE INSTALACION SANITARIOS','3162','KIT INSTALACION PARA W.C. CON BRIDA MÓVIL Y POLIMAX 1/2 X 7/8','10',' PZAS','7501728131623','','0','0','31','DIV-10 / SANITARIO'),
('1','PLAYERA FAMA','POP01','PLAYERA FAMA','25',' PZAS','S-C','','0,222222222','2,07142824','31','DIV-10 / SANITARIO'),
('1','CAMISA FAMA','POP29','CAMISA FAMA','25','PZAS','S-C','','0','0','31','DIV-10 / SANITARIO'),
('1','EXHIBIDOR FAMA','POP59','EXHIBIDOR CUADRADO DE VÁLVULAS ENTRADA Y SALIDA','25','PZA','S-C','56131600','0','0','31','DIV-10 / SANITARIO'),
('1','EXHIBIDOR FAMA','POP65','EXHIBIDOR CUADRADO DE SAPOS PARA W.C.','25',' PZA','S-C','56131600','0','0','31','DIV-10 / SANITARIO');







-- modificacion para terminar de improtar productos 
UPDATE tb_inventario
    JOIN tb_departamentos ON tb_inventario.departamento = tb_departamentos.departamento 
SET tb_inventario.idDepartamento = tb_departamentos.id;

UPDATE tb_inventario
    JOIN tb_tipos ON tb_inventario.tipo = tb_tipos.nombreTipo
SET tb_inventario.idTipo = tb_tipos.id;

UPDATE tb_inventario SET tb_inventario.master = 0 where tb_inventario.master = '';

UPDATE tb_inventario SET tb_inventario.cantidad = tb_inventario.master;
-- para realizar esta consulta y terminar de migrar dirigirse a lsistema de inventario e ir a esta direccion /inventario/migratecostoprecio
-- dentro de ahi esta un script para improtar el costo y el precio